Workbook

Sheet Summary
A1: RTS - market-based electricity check, Mar-Aug 26
A2: Source: Envizi electricity export taken 6 Sep 26 (Electricity Data as of 060926.xlsx), accounts only, Level 3 Group = Rail & Transit Systems (RTS). Chart figures are the Scope 1 & 2 monthly values read off the GHG Emissions YTD dashboard.
A4: Reconciliation to the dashboard (tCO2e)
A5: Line | B5: Mar 26 | C5: Apr 26 | D5: May 26 | E5: Jun 26 | F5: Jul 26 | G5: Aug 26 | H5: Basis
A6: Electricity - location-based Scope 2 | B6: =SUMIFS(Accounts!$N:$N,Accounts!$H:$H,"Mar 26") -> 666.9819 | C6: =SUMIFS(Accounts!$N:$N,Accounts!$H:$H,"Apr 26") -> 588.6631 | D6: =SUMIFS(Accounts!$N:$N,Accounts!$H:$H,"May 26") -> 672.4683 | E6: =SUMIFS(Accounts!$N:$N,Accounts!$H:$H,"Jun 26") -> 634.6193 | F6: =SUMIFS(Accounts!$N:$N,Accounts!$H:$H,"Jul 26") -> 739.0282 | G6: =SUMIFS(Accounts!$N:$N,Accounts!$H:$H,"Aug 26") -> 664.4571 | H6: Scope 2 reported, all RTS electricity accounts
A7: Certificates and renewable deductions (Other) | B7: =SUMIFS(Accounts!$O:$O,Accounts!$H:$H,"Mar 26") -> -140.7324 | C7: =SUMIFS(Accounts!$O:$O,Accounts!$H:$H,"Apr 26") -> -143.8634 | D7: =SUMIFS(Accounts!$O:$O,Accounts!$H:$H,"May 26") -> -159.2594 | E7: =SUMIFS(Accounts!$O:$O,Accounts!$H:$H,"Jun 26") -> -162.7664 | F7: =SUMIFS(Accounts!$O:$O,Accounts!$H:$H,"Jul 26") -> -572.7214 | G7: =SUMIFS(Accounts!$O:$O,Accounts!$H:$H,"Aug 26") -> -554.682 | H7: Other reported - the _CERTS virtual accounts and the Victorian 100% renewable deductions
A8: Electricity - market-based (Scope 2 + Other) | B8: =B6+B7 -> 526.2495 | C8: =C6+C7 -> 444.7997 | D8: =D6+D7 -> 513.2089 | E8: =E6+E7 -> 471.8529 | F8: =F6+F7 -> 166.3068 | G8: =G6+G7 -> 109.7751 | H8: What the certificates leave to report
A9: Dashboard Scope 1 & 2 (market-based) | B9: 625.05 | C9: 543.82 | D9: 612.33 | E9: 542.12 | F9: 928.48 | H9: Read off the chart; blank where the chart has no bar yet
A10: Dashboard less market-based electricity | B10: =IF(B9="","",B9-B8) -> 98.8005 | C10: =IF(C9="","",C9-C8) -> 99.0203 | D10: =IF(D9="","",D9-D8) -> 99.1211 | E10: =IF(E9="","",E9-E8) -> 70.2671 | F10: =IF(F9="","",F9-F8) -> 762.1732 | G10: =IF(G9="","",G9-G8) | H10: The non-electricity balance the dashboard implies (Scope 1 and anything else). Steady at ~99 t Mar-May and 70 t in Jun; 762 t in Jul
A11: Dashboard less location-based electricity | B11: =IF(B9="","",B9-B6) -> -41.9319 | C11: =IF(C9="","",C9-C6) -> -44.8431 | D11: =IF(D9="","",D9-D6) -> -60.1383 | E11: =IF(E9="","",E9-E6) -> -92.4993 | F11: =IF(F9="","",F9-F6) -> 189.4518 | G11: =IF(G9="","",G9-G6) | H11: Same test with no certificate credit at all
A12: Blue on yellow = typed in from the chart. Everything else is a formula over the Accounts tab.
A14: Market-based electricity by RTS location (Scope 2 + Other, tCO2e)
A15: Location | B15: Mar 26 | C15: Apr 26 | D15: May 26 | E15: Jun 26 | F15: Jul 26 | G15: Aug 26 | H15: Jul less Jun
A16: Auburn | B16: =SUMIFS(Accounts!$P:$P,Accounts!$A:$A,$A16,Accounts!$H:$H,"Mar 26") -> 246.5736 | C16: =SUMIFS(Accounts!$P:$P,Accounts!$A:$A,$A16,Accounts!$H:$H,"Apr 26") -> 187.5642 | D16: =SUMIFS(Accounts!$P:$P,Accounts!$A:$A,$A16,Accounts!$H:$H,"May 26") -> 224.4885 | E16: =SUMIFS(Accounts!$P:$P,Accounts!$A:$A,$A16,Accounts!$H:$H,"Jun 26") -> 179.1822 | F16: =SUMIFS(Accounts!$P:$P,Accounts!$A:$A,$A16,Accounts!$H:$H,"Jul 26") -> -6.2057 | G16: =SUMIFS(Accounts!$P:$P,Accounts!$A:$A,$A16,Accounts!$H:$H,"Aug 26") -> -5.7616 | H16: =F16-E16 -> -185.3879
A17: Calder Park Light Service Facility | B17: =SUMIFS(Accounts!$P:$P,Accounts!$A:$A,$A17,Accounts!$H:$H,"Mar 26") -> 0 | C17: =SUMIFS(Accounts!$P:$P,Accounts!$A:$A,$A17,Accounts!$H:$H,"Apr 26") -> 0 | D17: =SUMIFS(Accounts!$P:$P,Accounts!$A:$A,$A17,Accounts!$H:$H,"May 26") -> 0 | E17: =SUMIFS(Accounts!$P:$P,Accounts!$A:$A,$A17,Accounts!$H:$H,"Jun 26") -> 0 | F17: =SUMIFS(Accounts!$P:$P,Accounts!$A:$A,$A17,Accounts!$H:$H,"Jul 26") -> 0 | G17: =SUMIFS(Accounts!$P:$P,Accounts!$A:$A,$A17,Accounts!$H:$H,"Aug 26") -> 0 | H17: =F17-E17 -> 0
A18: Cardiff - Rail | B18: =SUMIFS(Accounts!$P:$P,Accounts!$A:$A,$A18,Accounts!$H:$H,"Mar 26") -> 86.9036 | C18: =SUMIFS(Accounts!$P:$P,Accounts!$A:$A,$A18,Accounts!$H:$H,"Apr 26") -> 78.3171 | D18: =SUMIFS(Accounts!$P:$P,Accounts!$A:$A,$A18,Accounts!$H:$H,"May 26") -> 86.5881 | E18: =SUMIFS(Accounts!$P:$P,Accounts!$A:$A,$A18,Accounts!$H:$H,"Jun 26") -> 86.814 | F18: =SUMIFS(Accounts!$P:$P,Accounts!$A:$A,$A18,Accounts!$H:$H,"Jul 26") -> 98.7423 | G18: =SUMIFS(Accounts!$P:$P,Accounts!$A:$A,$A18,Accounts!$H:$H,"Aug 26") -> 97.4596 | H18: =F18-E18 -> 11.9283
A19: HCMT - East Pakenham Depot | B19: =SUMIFS(Accounts!$P:$P,Accounts!$A:$A,$A19,Accounts!$H:$H,"Mar 26") -> 0 | C19: =SUMIFS(Accounts!$P:$P,Accounts!$A:$A,$A19,Accounts!$H:$H,"Apr 26") -> 0 | D19: =SUMIFS(Accounts!$P:$P,Accounts!$A:$A,$A19,Accounts!$H:$H,"May 26") -> 0 | E19: =SUMIFS(Accounts!$P:$P,Accounts!$A:$A,$A19,Accounts!$H:$H,"Jun 26") -> 0 | F19: =SUMIFS(Accounts!$P:$P,Accounts!$A:$A,$A19,Accounts!$H:$H,"Jul 26") -> 0 | G19: =SUMIFS(Accounts!$P:$P,Accounts!$A:$A,$A19,Accounts!$H:$H,"Aug 26") -> 0 | H19: =F19-E19 -> 0
A20: Maryborough | B20: =SUMIFS(Accounts!$P:$P,Accounts!$A:$A,$A20,Accounts!$H:$H,"Mar 26") -> 113.1038 | C20: =SUMIFS(Accounts!$P:$P,Accounts!$A:$A,$A20,Accounts!$H:$H,"Apr 26") -> 89.836 | D20: =SUMIFS(Accounts!$P:$P,Accounts!$A:$A,$A20,Accounts!$H:$H,"May 26") -> 98.47 | E20: =SUMIFS(Accounts!$P:$P,Accounts!$A:$A,$A20,Accounts!$H:$H,"Jun 26") -> 85.5732 | F20: =SUMIFS(Accounts!$P:$P,Accounts!$A:$A,$A20,Accounts!$H:$H,"Jul 26") -> -103.1334 | G20: =SUMIFS(Accounts!$P:$P,Accounts!$A:$A,$A20,Accounts!$H:$H,"Aug 26") -> -106.1848 | H20: =F20-E20 -> -188.7066
A21: N01 Anzac Square - Terrica Place | B21: =SUMIFS(Accounts!$P:$P,Accounts!$A:$A,$A21,Accounts!$H:$H,"Mar 26") -> 9.4304 | C21: =SUMIFS(Accounts!$P:$P,Accounts!$A:$A,$A21,Accounts!$H:$H,"Apr 26") -> 9.1306 | D21: =SUMIFS(Accounts!$P:$P,Accounts!$A:$A,$A21,Accounts!$H:$H,"May 26") -> 9.1792 | E21: =SUMIFS(Accounts!$P:$P,Accounts!$A:$A,$A21,Accounts!$H:$H,"Jun 26") -> 9.2234 | F21: =SUMIFS(Accounts!$P:$P,Accounts!$A:$A,$A21,Accounts!$H:$H,"Jul 26") -> 9.5024 | G21: =SUMIFS(Accounts!$P:$P,Accounts!$A:$A,$A21,Accounts!$H:$H,"Aug 26") -> 9.453 | H21: =F21-E21 -> 0.279
A22: Torbanlea - QTMP | B22: =SUMIFS(Accounts!$P:$P,Accounts!$A:$A,$A22,Accounts!$H:$H,"Mar 26") -> 69.8212 | C22: =SUMIFS(Accounts!$P:$P,Accounts!$A:$A,$A22,Accounts!$H:$H,"Apr 26") -> 79.2334 | D22: =SUMIFS(Accounts!$P:$P,Accounts!$A:$A,$A22,Accounts!$H:$H,"May 26") -> 93.578 | E22: =SUMIFS(Accounts!$P:$P,Accounts!$A:$A,$A22,Accounts!$H:$H,"Jun 26") -> 110.1842 | F22: =SUMIFS(Accounts!$P:$P,Accounts!$A:$A,$A22,Accounts!$H:$H,"Jul 26") -> 166.4961 | G22: =SUMIFS(Accounts!$P:$P,Accounts!$A:$A,$A22,Accounts!$H:$H,"Aug 26") -> 113.937 | H22: =F22-E22 -> 56.3119
A23: WTP Mobile Tech Hornsby | B23: =SUMIFS(Accounts!$P:$P,Accounts!$A:$A,$A23,Accounts!$H:$H,"Mar 26") -> 0.4169 | C23: =SUMIFS(Accounts!$P:$P,Accounts!$A:$A,$A23,Accounts!$H:$H,"Apr 26") -> 0.7184 | D23: =SUMIFS(Accounts!$P:$P,Accounts!$A:$A,$A23,Accounts!$H:$H,"May 26") -> 0.9051 | E23: =SUMIFS(Accounts!$P:$P,Accounts!$A:$A,$A23,Accounts!$H:$H,"Jun 26") -> 0.8759 | F23: =SUMIFS(Accounts!$P:$P,Accounts!$A:$A,$A23,Accounts!$H:$H,"Jul 26") -> 0.9051 | G23: =SUMIFS(Accounts!$P:$P,Accounts!$A:$A,$A23,Accounts!$H:$H,"Aug 26") -> 0.8719 | H23: =F23-E23 -> 0.0292
A24: Total RTS | B24: =SUM(B16:B23) -> 526.2495 | C24: =SUM(C16:C23) -> 444.7997 | D24: =SUM(D16:D23) -> 513.2089 | E24: =SUM(E16:E23) -> 471.8529 | F24: =SUM(F16:F23) -> 166.3068 | G24: =SUM(G16:G23) -> 109.7751 | H24: =SUM(H16:H23) -> -305.5461
A25: Red = a location netting below zero (over-credited). Amber = July more than 20 t above June.
A27: What I found
A28: 1. The three RTS virtual certificate accounts (Auburn x2, Maryborough QGGG000010) are calculating as set up: each mirrors its source kWh exactly in July and August, opened 1 Jul 26, no June row, and CO2e = kWh x factor. See Accounts, Check column.
A29: 2. Market-based electricity for RTS FELL in July, from 471.9 t (Jun) to 166.3 t, because those three accounts started crediting on 1 July. The July spike on the dashboard is not coming from the market-based electricity as it stands in the 6 Sep export.
A30: 3. Best fit for the 928 t: the dashboard was refreshed while the old CS Energy accounts at Maryborough (1003077, 1003082) and Torbanlea (1003571) still had no Replaced On and were accruing July (~165 + 7 + 110 = ~282 t) on top of the Engie actuals, and before the certificate accounts were linked. 739 (location-based) + 282 - 171 (HCMT deduction) + ~70-99 non-electricity = 920-950 t. The CS Energy accounts were closed at 30 Jun 26 between the 3 Sep and 5 Sep extracts, so a refresh should clear it. Scope 1 is not in this repo, so I cannot rule out a genuine July scope 1 movement - check gas and fuel for RTS if the refresh does not clear it.
A31: 4. All three certificate accounts are on 24-25 LGC factors (NSW -0.66, QLD -0.71) against electricity on 25-26 (0.64, 0.67), so each site nets slightly below zero: Auburn -6.2 t, Maryborough -11 t before the foundry issue. Needs the 25-26 LGC factors (already open).
A32: 5. Maryborough is over-credited by ~95 t a month. The certificate account copies the gross NMI figure (277,212 kWh) but the location nets out the CQMS foundry deduction (-141,380 kWh), so the location reports -103 t in July and -106 t in August. Either the virtual meter follows the net figure or the deduction stops - a Category Management call, and material to the RTS number.
A33: 6. Maryborough QGGG000320 has nothing recording since 30 Jun 26 (no Engie account yet). The interval meter reads 12,413 kWh in July and 10,262 in August, about 8 t and 7 t of uncounted location-based emissions.
A34: 7. Torbanlea - QTMP is a named exclusion, so no certificate account is correct. Its Engie account's first bill is 248,502 kWh for July, 51% above June's 164,454 and well above August's 170,055 - worth confirming the bill period with Engie before relying on July.
A35: 8. Two meter oddities at Auburn that do not affect the account-based emissions: the NEMMCO meter on 4103713125 reads exactly twice the account every month (as Wingfield does), and sub-meter DWR_MSB-5-LATHE reads 601,436 kWh in July against 3 kWh in June - about 385 t at the NSW factor, which is almost exactly the dashboard's June-to-July increase. If the dashboard reads meters as well as accounts, that is the spike.
A36: 9. Cardiff - Rail (CleanPeak, small market), HCMT, Calder Park, Anzac Square and Hornsby are not in the renewal register. HCMT and Calder Park net to zero through their Victorian 100% renewable deductions on the 25-26 factor, which is correct.

Sheet Accounts
A1: Location | B1: Account | C1: Account Style | D1: Data Type | E1: Supplier | F1: Opened On | G1: Replaced On | H1: Month | I1: kWh | J1: Actual % | K1: Accrued % | L1: Factor Name | M1: Factor (kg/kWh) | N1: Scope 2 reported (t) | O1: Other reported (t) | P1: Total reported (t) | Q1: Expected (t) = kWh x factor | R1: Variance (t) | S1: Factor vintage | T1: Source account | U1: Source kWh | V1: Mirror check | W1: Check
A2: Auburn | B2: 50002617957_4103713125 | C2: Electricity Large Market | D2: Electricity - Green [kWh] | E2: Origin | F2: 2020-07-01 | H2: Mar 26 | I2: 0 | L2: 77 - Electricity Green - 25-26 - New South Wales | M2: -0.64 | O2: 0 | Q2: =IF(M2="","",I2*M2/1000) -> 0 | R2: =IF(Q2="","",Q2-N(P2)) -> 0 | S2: =IF(L2="","",IF(ISNUMBER(SEARCH("25-26",L2)),"25-26",IF(ISNUMBER(SEARCH("24-25",L2)),"24-25","other"))) -> 25-26 | W2: =IF(AND(R2<>"",ABS(R2)>0.05),"CO2e not kWh x factor",IF(V2="kWh differs from source","Virtual meter not mirroring",IF(AND(D2="Certificates - Location [kWh]",S2="24-25"),"Certificate on 24-25 factor","OK"))) -> OK
A3: Auburn | B3: 50002617957_4103713125 | C3: Electricity Large Market | D3: Electricity - Green [kWh] | E3: Origin | F3: 2020-07-01 | H3: Apr 26 | I3: 0 | L3: 77 - Electricity Green - 25-26 - New South Wales | M3: -0.64 | O3: 0 | Q3: =IF(M3="","",I3*M3/1000) -> 0 | R3: =IF(Q3="","",Q3-N(P3)) -> 0 | S3: =IF(L3="","",IF(ISNUMBER(SEARCH("25-26",L3)),"25-26",IF(ISNUMBER(SEARCH("24-25",L3)),"24-25","other"))) -> 25-26 | W3: =IF(AND(R3<>"",ABS(R3)>0.05),"CO2e not kWh x factor",IF(V3="kWh differs from source","Virtual meter not mirroring",IF(AND(D3="Certificates - Location [kWh]",S3="24-25"),"Certificate on 24-25 factor","OK"))) -> OK
A4: Auburn | B4: 50002617957_4103713125 | C4: Electricity Large Market | D4: Electricity - Green [kWh] | E4: Origin | F4: 2020-07-01 | H4: May 26 | I4: 0 | L4: 77 - Electricity Green - 25-26 - New South Wales | M4: -0.64 | O4: 0 | Q4: =IF(M4="","",I4*M4/1000) -> 0 | R4: =IF(Q4="","",Q4-N(P4)) -> 0 | S4: =IF(L4="","",IF(ISNUMBER(SEARCH("25-26",L4)),"25-26",IF(ISNUMBER(SEARCH("24-25",L4)),"24-25","other"))) -> 25-26 | W4: =IF(AND(R4<>"",ABS(R4)>0.05),"CO2e not kWh x factor",IF(V4="kWh differs from source","Virtual meter not mirroring",IF(AND(D4="Certificates - Location [kWh]",S4="24-25"),"Certificate on 24-25 factor","OK"))) -> OK
A5: Auburn | B5: 50002617957_4103713125 | C5: Electricity Large Market | D5: Electricity - Green [kWh] | E5: Origin | F5: 2020-07-01 | H5: Jun 26 | I5: 0 | L5: 77 - Electricity Green - 25-26 - New South Wales | M5: -0.64 | O5: 0 | Q5: =IF(M5="","",I5*M5/1000) -> 0 | R5: =IF(Q5="","",Q5-N(P5)) -> 0 | S5: =IF(L5="","",IF(ISNUMBER(SEARCH("25-26",L5)),"25-26",IF(ISNUMBER(SEARCH("24-25",L5)),"24-25","other"))) -> 25-26 | W5: =IF(AND(R5<>"",ABS(R5)>0.05),"CO2e not kWh x factor",IF(V5="kWh differs from source","Virtual meter not mirroring",IF(AND(D5="Certificates - Location [kWh]",S5="24-25"),"Certificate on 24-25 factor","OK"))) -> OK
A6: Auburn | B6: 50002617957_4103713125 | C6: Electricity Large Market | D6: Electricity - Green [kWh] | E6: Origin | F6: 2020-07-01 | H6: Jul 26 | I6: 0 | L6: 77 - Electricity Green - 25-26 - New South Wales | M6: -0.64 | O6: 0 | Q6: =IF(M6="","",I6*M6/1000) -> 0 | R6: =IF(Q6="","",Q6-N(P6)) -> 0 | S6: =IF(L6="","",IF(ISNUMBER(SEARCH("25-26",L6)),"25-26",IF(ISNUMBER(SEARCH("24-25",L6)),"24-25","other"))) -> 25-26 | W6: =IF(AND(R6<>"",ABS(R6)>0.05),"CO2e not kWh x factor",IF(V6="kWh differs from source","Virtual meter not mirroring",IF(AND(D6="Certificates - Location [kWh]",S6="24-25"),"Certificate on 24-25 factor","OK"))) -> OK
A7: Auburn | B7: 50002617957_4103713125 | C7: Electricity Large Market | D7: Electricity - Green [kWh] | E7: Origin | F7: 2020-07-01 | H7: Aug 26 | I7: 0 | L7: 77 - Electricity Green - 25-26 - New South Wales | M7: -0.64 | O7: 0 | Q7: =IF(M7="","",I7*M7/1000) -> 0 | R7: =IF(Q7="","",Q7-N(P7)) -> 0 | S7: =IF(L7="","",IF(ISNUMBER(SEARCH("25-26",L7)),"25-26",IF(ISNUMBER(SEARCH("24-25",L7)),"24-25","other"))) -> 25-26 | W7: =IF(AND(R7<>"",ABS(R7)>0.05),"CO2e not kWh x factor",IF(V7="kWh differs from source","Virtual meter not mirroring",IF(AND(D7="Certificates - Location [kWh]",S7="24-25"),"Certificate on 24-25 factor","OK"))) -> OK
A8: Auburn | B8: 50002617957_4103713125 | C8: Electricity Large Market | D8: Electricity [kWh] | E8: Origin | F8: 2020-07-01 | H8: Mar 26 | I8: 180656.1 | J8: 100 | K8: 0 | L8: 77 - Electricity - 25-26 - New South Wales | M8: 0.64 | N8: 115.6199 | P8: 115.6199 | Q8: =IF(M8="","",I8*M8/1000) -> 115.6199 | R8: =IF(Q8="","",Q8-N(P8)) -> 4e-06 | S8: =IF(L8="","",IF(ISNUMBER(SEARCH("25-26",L8)),"25-26",IF(ISNUMBER(SEARCH("24-25",L8)),"24-25","other"))) -> 25-26 | W8: =IF(AND(R8<>"",ABS(R8)>0.05),"CO2e not kWh x factor",IF(V8="kWh differs from source","Virtual meter not mirroring",IF(AND(D8="Certificates - Location [kWh]",S8="24-25"),"Certificate on 24-25 factor","OK"))) -> OK
A9: Auburn | B9: 50002617957_4103713125 | C9: Electricity Large Market | D9: Electricity [kWh] | E9: Origin | F9: 2020-07-01 | H9: Apr 26 | I9: 192993.3 | J9: 100 | K9: 0 | L9: 77 - Electricity - 25-26 - New South Wales | M9: 0.64 | N9: 123.5157 | P9: 123.5157 | Q9: =IF(M9="","",I9*M9/1000) -> 123.51571 | R9: =IF(Q9="","",Q9-N(P9)) -> 1.2e-05 | S9: =IF(L9="","",IF(ISNUMBER(SEARCH("25-26",L9)),"25-26",IF(ISNUMBER(SEARCH("24-25",L9)),"24-25","other"))) -> 25-26 | W9: =IF(AND(R9<>"",ABS(R9)>0.05),"CO2e not kWh x factor",IF(V9="kWh differs from source","Virtual meter not mirroring",IF(AND(D9="Certificates - Location [kWh]",S9="24-25"),"Certificate on 24-25 factor","OK"))) -> OK
A10: Auburn | B10: 50002617957_4103713125 | C10: Electricity Large Market | D10: Electricity [kWh] | E10: Origin | F10: 2020-07-01 | H10: May 26 | I10: 347500.3 | J10: 100 | K10: 0 | L10: 77 - Electricity - 25-26 - New South Wales | M10: 0.64 | N10: 222.4002 | P10: 222.4002 | Q10: =IF(M10="","",I10*M10/1000) -> 222.40019 | R10: =IF(Q10="","",Q10-N(P10)) -> -8e-06 | S10: =IF(L10="","",IF(ISNUMBER(SEARCH("25-26",L10)),"25-26",IF(ISNUMBER(SEARCH("24-25",L10)),"24-25","other"))) -> 25-26 | W10: =IF(AND(R10<>"",ABS(R10)>0.05),"CO2e not kWh x factor",IF(V10="kWh differs from source","Virtual meter not mirroring",IF(AND(D10="Certificates - Location [kWh]",S10="24-25"),"Certificate on 24-25 factor","OK"))) -> OK
A11: Auburn | B11: 50002617957_4103713125 | C11: Electricity Large Market | D11: Electricity [kWh] | E11: Origin | F11: 2020-07-01 | H11: Jun 26 | I11: 272068.2 | J11: 100 | K11: 0 | L11: 77 - Electricity - 25-26 - New South Wales | M11: 0.64 | N11: 174.1236 | P11: 174.1236 | Q11: =IF(M11="","",I11*M11/1000) -> 174.12365 | R11: =IF(Q11="","",Q11-N(P11)) -> 4.8e-05 | S11: =IF(L11="","",IF(ISNUMBER(SEARCH("25-26",L11)),"25-26",IF(ISNUMBER(SEARCH("24-25",L11)),"24-25","other"))) -> 25-26 | W11: =IF(AND(R11<>"",ABS(R11)>0.05),"CO2e not kWh x factor",IF(V11="kWh differs from source","Virtual meter not mirroring",IF(AND(D11="Certificates - Location [kWh]",S11="24-25"),"Certificate on 24-25 factor","OK"))) -> OK
A12: Auburn | B12: 50002617957_4103713125 | C12: Electricity Large Market | D12: Electricity [kWh] | E12: Origin | F12: 2020-07-01 | H12: Jul 26 | I12: 283780.3 | J12: 100 | K12: 0 | L12: 77 - Electricity - 25-26 - New South Wales | M12: 0.64 | N12: 181.6194 | P12: 181.6194 | Q12: =IF(M12="","",I12*M12/1000) -> 181.61939 | R12: =IF(Q12="","",Q12-N(P12)) -> -8e-06 | S12: =IF(L12="","",IF(ISNUMBER(SEARCH("25-26",L12)),"25-26",IF(ISNUMBER(SEARCH("24-25",L12)),"24-25","other"))) -> 25-26 | W12: =IF(AND(R12<>"",ABS(R12)>0.05),"CO2e not kWh x factor",IF(V12="kWh differs from source","Virtual meter not mirroring",IF(AND(D12="Certificates - Location [kWh]",S12="24-25"),"Certificate on 24-25 factor","OK"))) -> OK
A13: Auburn | B13: 50002617957_4103713125 | C13: Electricity Large Market | D13: Electricity [kWh] | E13: Origin | F13: 2020-07-01 | H13: Aug 26 | I13: 260437 | J13: 100 | K13: 0 | L13: 77 - Electricity - 25-26 - New South Wales | M13: 0.64 | N13: 166.6797 | P13: 166.6797 | Q13: =IF(M13="","",I13*M13/1000) -> 166.67968 | R13: =IF(Q13="","",Q13-N(P13)) -> -2e-05 | S13: =IF(L13="","",IF(ISNUMBER(SEARCH("25-26",L13)),"25-26",IF(ISNUMBER(SEARCH("24-25",L13)),"24-25","other"))) -> 25-26 | W13: =IF(AND(R13<>"",ABS(R13)>0.05),"CO2e not kWh x factor",IF(V13="kWh differs from source","Virtual meter not mirroring",IF(AND(D13="Certificates - Location [kWh]",S13="24-25"),"Certificate on 24-25 factor","OK"))) -> OK
A14: Auburn | B14: 50002617957_4103713125_CERTS | C14: Certificates - Location - kWh | D14: Certificates - Location [kWh] | E14: LGC Virtual Account | F14: 2026-07-01 | H14: Jul 26 | I14: 283780.3 | J14: 100 | K14: 0 | L14: LGCs NSW 24-25 | M14: -0.66 | O14: -187.295 | P14: -187.295 | Q14: =IF(M14="","",I14*M14/1000) -> -187.295 | R14: =IF(Q14="","",Q14-N(P14)) -> 2e-06 | S14: =IF(L14="","",IF(ISNUMBER(SEARCH("25-26",L14)),"25-26",IF(ISNUMBER(SEARCH("24-25",L14)),"24-25","other"))) -> 24-25 | T14: 50002617957_4103713125 | U14: =SUMIFS($I:$I,$B:$B,T14,$H:$H,H14,$D:$D,"Electricity [kWh]") -> 283780.3 | V14: =IF(ABS(I14-U14)<0.5,"Mirrors source","kWh differs from source") -> Mirrors source | W14: =IF(AND(R14<>"",ABS(R14)>0.05),"CO2e not kWh x factor",IF(V14="kWh differs from source","Virtual meter not mirroring",IF(AND(D14="Certificates - Location [kWh]",S14="24-25"),"Certificate on 24-25 factor","OK"))) -> Certificate on 24-25 factor
A15: Auburn | B15: 50002617957_4103713125_CERTS | C15: Certificates - Location - kWh | D15: Certificates - Location [kWh] | E15: LGC Virtual Account | F15: 2026-07-01 | H15: Aug 26 | I15: 260437 | J15: 100 | K15: 0 | L15: LGCs NSW 24-25 | M15: -0.66 | O15: -171.8884 | P15: -171.8884 | Q15: =IF(M15="","",I15*M15/1000) -> -171.88842 | R15: =IF(Q15="","",Q15-N(P15)) -> -2e-05 | S15: =IF(L15="","",IF(ISNUMBER(SEARCH("25-26",L15)),"25-26",IF(ISNUMBER(SEARCH("24-25",L15)),"24-25","other"))) -> 24-25 | T15: 50002617957_4103713125 | U15: =SUMIFS($I:$I,$B:$B,T15,$H:$H,H15,$D:$D,"Electricity [kWh]") -> 260437 | V15: =IF(ABS(I15-U15)<0.5,"Mirrors source","kWh differs from source") -> Mirrors source | W15: =IF(AND(R15<>"",ABS(R15)>0.05),"CO2e not kWh x factor",IF(V15="kWh differs from source","Virtual meter not mirroring",IF(AND(D15="Certificates - Location [kWh]",S15="24-25"),"Certificate on 24-25 factor","OK"))) -> Certificate on 24-25 factor
A16: Auburn | B16: 50002617965_4103711576 | C16: Electricity Large Market | D16: Electricity - Green [kWh] | E16: Origin | F16: 2020-07-01 | H16: Mar 26 | I16: 0 | L16: 77 - Electricity Green - 25-26 - New South Wales | M16: -0.64 | O16: 0 | Q16: =IF(M16="","",I16*M16/1000) -> 0 | R16: =IF(Q16="","",Q16-N(P16)) -> 0 | S16: =IF(L16="","",IF(ISNUMBER(SEARCH("25-26",L16)),"25-26",IF(ISNUMBER(SEARCH("24-25",L16)),"24-25","other"))) -> 25-26 | W16: =IF(AND(R16<>"",ABS(R16)>0.05),"CO2e not kWh x factor",IF(V16="kWh differs from source","Virtual meter not mirroring",IF(AND(D16="Certificates - Location [kWh]",S16="24-25"),"Certificate on 24-25 factor","OK"))) -> OK
A17: Auburn | B17: 50002617965_4103711576 | C17: Electricity Large Market | D17: Electricity - Green [kWh] | E17: Origin | F17: 2020-07-01 | H17: Apr 26 | I17: 0 | L17: 77 - Electricity Green - 25-26 - New South Wales | M17: -0.64 | O17: 0 | Q17: =IF(M17="","",I17*M17/1000) -> 0 | R17: =IF(Q17="","",Q17-N(P17)) -> 0 | S17: =IF(L17="","",IF(ISNUMBER(SEARCH("25-26",L17)),"25-26",IF(ISNUMBER(SEARCH("24-25",L17)),"24-25","other"))) -> 25-26 | W17: =IF(AND(R17<>"",ABS(R17)>0.05),"CO2e not kWh x factor",IF(V17="kWh differs from source","Virtual meter not mirroring",IF(AND(D17="Certificates - Location [kWh]",S17="24-25"),"Certificate on 24-25 factor","OK"))) -> OK
A18: Auburn | B18: 50002617965_4103711576 | C18: Electricity Large Market | D18: Electricity - Green [kWh] | E18: Origin | F18: 2020-07-01 | H18: May 26 | I18: 0 | L18: 77 - Electricity Green - 25-26 - New South Wales | M18: -0.64 | O18: 0 | Q18: =IF(M18="","",I18*M18/1000) -> 0 | R18: =IF(Q18="","",Q18-N(P18)) -> 0 | S18: =IF(L18="","",IF(ISNUMBER(SEARCH("25-26",L18)),"25-26",IF(ISNUMBER(SEARCH("24-25",L18)),"24-25","other"))) -> 25-26 | W18: =IF(AND(R18<>"",ABS(R18)>0.05),"CO2e not kWh x factor",IF(V18="kWh differs from source","Virtual meter not mirroring",IF(AND(D18="Certificates - Location [kWh]",S18="24-25"),"Certificate on 24-25 factor","OK"))) -> OK
A19: Auburn | B19: 50002617965_4103711576 | C19: Electricity Large Market | D19: Electricity - Green [kWh] | E19: Origin | F19: 2020-07-01 | H19: Jun 26 | I19: 0 | L19: 77 - Electricity Green - 25-26 - New South Wales | M19: -0.64 | O19: 0 | Q19: =IF(M19="","",I19*M19/1000) -> 0 | R19: =IF(Q19="","",Q19-N(P19)) -> 0 | S19: =IF(L19="","",IF(ISNUMBER(SEARCH("25-26",L19)),"25-26",IF(ISNUMBER(SEARCH("24-25",L19)),"24-25","other"))) -> 25-26 | W19: =IF(AND(R19<>"",ABS(R19)>0.05),"CO2e not kWh x factor",IF(V19="kWh differs from source","Virtual meter not mirroring",IF(AND(D19="Certificates - Location [kWh]",S19="24-25"),"Certificate on 24-25 factor","OK"))) -> OK
A20: Auburn | B20: 50002617965_4103711576 | C20: Electricity Large Market | D20: Electricity - Green [kWh] | E20: Origin | F20: 2020-07-01 | H20: Jul 26 | I20: 0 | L20: 77 - Electricity Green - 25-26 - New South Wales | M20: -0.64 | O20: 0 | Q20: =IF(M20="","",I20*M20/1000) -> 0 | R20: =IF(Q20="","",Q20-N(P20)) -> 0 | S20: =IF(L20="","",IF(ISNUMBER(SEARCH("25-26",L20)),"25-26",IF(ISNUMBER(SEARCH("24-25",L20)),"24-25","other"))) -> 25-26 | W20: =IF(AND(R20<>"",ABS(R20)>0.05),"CO2e not kWh x factor",IF(V20="kWh differs from source","Virtual meter not mirroring",IF(AND(D20="Certificates - Location [kWh]",S20="24-25"),"Certificate on 24-25 factor","OK"))) -> OK
A21: Auburn | B21: 50002617965_4103711576 | C21: Electricity Large Market | D21: Electricity - Green [kWh] | E21: Origin | F21: 2020-07-01 | H21: Aug 26 | I21: 0 | L21: 77 - Electricity Green - 25-26 - New South Wales | M21: -0.64 | O21: 0 | Q21: =IF(M21="","",I21*M21/1000) -> 0 | R21: =IF(Q21="","",Q21-N(P21)) -> 0 | S21: =IF(L21="","",IF(ISNUMBER(SEARCH("25-26",L21)),"25-26",IF(ISNUMBER(SEARCH("24-25",L21)),"24-25","other"))) -> 25-26 | W21: =IF(AND(R21<>"",ABS(R21)>0.05),"CO2e not kWh x factor",IF(V21="kWh differs from source","Virtual meter not mirroring",IF(AND(D21="Certificates - Location [kWh]",S21="24-25"),"Certificate on 24-25 factor","OK"))) -> OK
A22: Auburn | B22: 50002617965_4103711576 | C22: Electricity Large Market | D22: Electricity [kWh] | E22: Origin | F22: 2020-07-01 | H22: Mar 26 | I22: 204615.2 | J22: 100 | K22: 0 | L22: 77 - Electricity - 25-26 - New South Wales | M22: 0.64 | N22: 130.9537 | P22: 130.9537 | Q22: =IF(M22="","",I22*M22/1000) -> 130.95373 | R22: =IF(Q22="","",Q22-N(P22)) -> 2.8e-05 | S22: =IF(L22="","",IF(ISNUMBER(SEARCH("25-26",L22)),"25-26",IF(ISNUMBER(SEARCH("24-25",L22)),"24-25","other"))) -> 25-26 | W22: =IF(AND(R22<>"",ABS(R22)>0.05),"CO2e not kWh x factor",IF(V22="kWh differs from source","Virtual meter not mirroring",IF(AND(D22="Certificates - Location [kWh]",S22="24-25"),"Certificate on 24-25 factor","OK"))) -> OK
A23: Auburn | B23: 50002617965_4103711576 | C23: Electricity Large Market | D23: Electricity [kWh] | E23: Origin | F23: 2020-07-01 | H23: Apr 26 | I23: 100075.85 | J23: 100 | K23: 0 | L23: 77 - Electricity - 25-26 - New South Wales | M23: 0.64 | N23: 64.0485 | P23: 64.0485 | Q23: =IF(M23="","",I23*M23/1000) -> 64.048544 | R23: =IF(Q23="","",Q23-N(P23)) -> 4.4e-05 | S23: =IF(L23="","",IF(ISNUMBER(SEARCH("25-26",L23)),"25-26",IF(ISNUMBER(SEARCH("24-25",L23)),"24-25","other"))) -> 25-26 | W23: =IF(AND(R23<>"",ABS(R23)>0.05),"CO2e not kWh x factor",IF(V23="kWh differs from source","Virtual meter not mirroring",IF(AND(D23="Certificates - Location [kWh]",S23="24-25"),"Certificate on 24-25 factor","OK"))) -> OK
A24: Auburn | B24: 50002617965_4103711576 | C24: Electricity Large Market | D24: Electricity [kWh] | E24: Origin | F24: 2020-07-01 | H24: May 26 | I24: 3263 | J24: 100 | K24: 0 | L24: 77 - Electricity - 25-26 - New South Wales | M24: 0.64 | N24: 2.0883 | P24: 2.0883 | Q24: =IF(M24="","",I24*M24/1000) -> 2.08832 | R24: =IF(Q24="","",Q24-N(P24)) -> 2e-05 | S24: =IF(L24="","",IF(ISNUMBER(SEARCH("25-26",L24)),"25-26",IF(ISNUMBER(SEARCH("24-25",L24)),"24-25","other"))) -> 25-26 | W24: =IF(AND(R24<>"",ABS(R24)>0.05),"CO2e not kWh x factor",IF(V24="kWh differs from source","Virtual meter not mirroring",IF(AND(D24="Certificates - Location [kWh]",S24="24-25"),"Certificate on 24-25 factor","OK"))) -> OK
A25: Auburn | B25: 50002617965_4103711576 | C25: Electricity Large Market | D25: Electricity [kWh] | E25: Origin | F25: 2020-07-01 | H25: Jun 26 | I25: 7904.1 | J25: 100 | K25: 0 | L25: 77 - Electricity - 25-26 - New South Wales | M25: 0.64 | N25: 5.0586 | P25: 5.0586 | Q25: =IF(M25="","",I25*M25/1000) -> 5.058624 | R25: =IF(Q25="","",Q25-N(P25)) -> 2.4e-05 | S25: =IF(L25="","",IF(ISNUMBER(SEARCH("25-26",L25)),"25-26",IF(ISNUMBER(SEARCH("24-25",L25)),"24-25","other"))) -> 25-26 | W25: =IF(AND(R25<>"",ABS(R25)>0.05),"CO2e not kWh x factor",IF(V25="kWh differs from source","Virtual meter not mirroring",IF(AND(D25="Certificates - Location [kWh]",S25="24-25"),"Certificate on 24-25 factor","OK"))) -> OK
A26: Auburn | B26: 50002617965_4103711576 | C26: Electricity Large Market | D26: Electricity [kWh] | E26: Origin | F26: 2020-07-01 | H26: Jul 26 | I26: 26500.7 | J26: 100 | K26: 0 | L26: 77 - Electricity - 25-26 - New South Wales | M26: 0.64 | N26: 16.9604 | P26: 16.9604 | Q26: =IF(M26="","",I26*M26/1000) -> 16.960448 | R26: =IF(Q26="","",Q26-N(P26)) -> 4.8e-05 | S26: =IF(L26="","",IF(ISNUMBER(SEARCH("25-26",L26)),"25-26",IF(ISNUMBER(SEARCH("24-25",L26)),"24-25","other"))) -> 25-26 | W26: =IF(AND(R26<>"",ABS(R26)>0.05),"CO2e not kWh x factor",IF(V26="kWh differs from source","Virtual meter not mirroring",IF(AND(D26="Certificates - Location [kWh]",S26="24-25"),"Certificate on 24-25 factor","OK"))) -> OK
A27: Auburn | B27: 50002617965_4103711576 | C27: Electricity Large Market | D27: Electricity [kWh] | E27: Origin | F27: 2020-07-01 | H27: Aug 26 | I27: 27646.5 | J27: 100 | K27: 0 | L27: 77 - Electricity - 25-26 - New South Wales | M27: 0.64 | N27: 17.6938 | P27: 17.6938 | Q27: =IF(M27="","",I27*M27/1000) -> 17.69376 | R27: =IF(Q27="","",Q27-N(P27)) -> -4e-05 | S27: =IF(L27="","",IF(ISNUMBER(SEARCH("25-26",L27)),"25-26",IF(ISNUMBER(SEARCH("24-25",L27)),"24-25","other"))) -> 25-26 | W27: =IF(AND(R27<>"",ABS(R27)>0.05),"CO2e not kWh x factor",IF(V27="kWh differs from source","Virtual meter not mirroring",IF(AND(D27="Certificates - Location [kWh]",S27="24-25"),"Certificate on 24-25 factor","OK"))) -> OK
A28: Auburn | B28: 50002617965_4103711576_CERTS | C28: Certificates - Location - kWh | D28: Certificates - Location [kWh] | E28: LGC Virtual Account | F28: 2026-07-01 | H28: Jul 26 | I28: 26500.7 | J28: 100 | K28: 0 | L28: LGCs NSW 24-25 | M28: -0.66 | O28: -17.4905 | P28: -17.4905 | Q28: =IF(M28="","",I28*M28/1000) -> -17.490462 | R28: =IF(Q28="","",Q28-N(P28)) -> 3.8e-05 | S28: =IF(L28="","",IF(ISNUMBER(SEARCH("25-26",L28)),"25-26",IF(ISNUMBER(SEARCH("24-25",L28)),"24-25","other"))) -> 24-25 | T28: 50002617965_4103711576 | U28: =SUMIFS($I:$I,$B:$B,T28,$H:$H,H28,$D:$D,"Electricity [kWh]") -> 26500.7 | V28: =IF(ABS(I28-U28)<0.5,"Mirrors source","kWh differs from source") -> Mirrors source | W28: =IF(AND(R28<>"",ABS(R28)>0.05),"CO2e not kWh x factor",IF(V28="kWh differs from source","Virtual meter not mirroring",IF(AND(D28="Certificates - Location [kWh]",S28="24-25"),"Certificate on 24-25 factor","OK"))) -> Certificate on 24-25 factor
A29: Auburn | B29: 50002617965_4103711576_CERTS | C29: Certificates - Location - kWh | D29: Certificates - Location [kWh] | E29: LGC Virtual Account | F29: 2026-07-01 | H29: Aug 26 | I29: 27646.5 | J29: 100 | K29: 0 | L29: LGCs NSW 24-25 | M29: -0.66 | O29: -18.2467 | P29: -18.2467 | Q29: =IF(M29="","",I29*M29/1000) -> -18.24669 | R29: =IF(Q29="","",Q29-N(P29)) -> 1e-05 | S29: =IF(L29="","",IF(ISNUMBER(SEARCH("25-26",L29)),"25-26",IF(ISNUMBER(SEARCH("24-25",L29)),"24-25","other"))) -> 24-25 | T29: 50002617965_4103711576 | U29: =SUMIFS($I:$I,$B:$B,T29,$H:$H,H29,$D:$D,"Electricity [kWh]") -> 27646.5 | V29: =IF(ABS(I29-U29)<0.5,"Mirrors source","kWh differs from source") -> Mirrors source | W29: =IF(AND(R29<>"",ABS(R29)>0.05),"CO2e not kWh x factor",IF(V29="kWh differs from source","Virtual meter not mirroring",IF(AND(D29="Certificates - Location [kWh]",S29="24-25"),"Certificate on 24-25 factor","OK"))) -> Certificate on 24-25 factor
A30: Calder Park Light Service Facility | B30: Calder Park 100% Renewable Electricity | C30: Certificates - Location - kWh | D30: Certificates - Location [kWh] | E30: SEC VIC | F30: 2025-07-01 | H30: Mar 26 | I30: 66.1 | J30: 100 | K30: 0 | L30: LGCs Victoria 25-26 | M30: -0.78 | O30: -0.0516 | P30: -0.0516 | Q30: =IF(M30="","",I30*M30/1000) -> -0.051558 | R30: =IF(Q30="","",Q30-N(P30)) -> 4.2e-05 | S30: =IF(L30="","",IF(ISNUMBER(SEARCH("25-26",L30)),"25-26",IF(ISNUMBER(SEARCH("24-25",L30)),"24-25","other"))) -> 25-26 | W30: =IF(AND(R30<>"",ABS(R30)>0.05),"CO2e not kWh x factor",IF(V30="kWh differs from source","Virtual meter not mirroring",IF(AND(D30="Certificates - Location [kWh]",S30="24-25"),"Certificate on 24-25 factor","OK"))) -> OK
A31: Calder Park Light Service Facility | B31: Calder Park 100% Renewable Electricity | C31: Certificates - Location - kWh | D31: Certificates - Location [kWh] | E31: SEC VIC | F31: 2025-07-01 | H31: Apr 26 | I31: 140.3 | J31: 100 | K31: 0 | L31: LGCs Victoria 25-26 | M31: -0.78 | O31: -0.1094 | P31: -0.1094 | Q31: =IF(M31="","",I31*M31/1000) -> -0.109434 | R31: =IF(Q31="","",Q31-N(P31)) -> -3.4e-05 | S31: =IF(L31="","",IF(ISNUMBER(SEARCH("25-26",L31)),"25-26",IF(ISNUMBER(SEARCH("24-25",L31)),"24-25","other"))) -> 25-26 | W31: =IF(AND(R31<>"",ABS(R31)>0.05),"CO2e not kWh x factor",IF(V31="kWh differs from source","Virtual meter not mirroring",IF(AND(D31="Certificates - Location [kWh]",S31="24-25"),"Certificate on 24-25 factor","OK"))) -> OK
A32: Calder Park Light Service Facility | B32: Calder Park 100% Renewable Electricity | C32: Certificates - Location - kWh | D32: Certificates - Location [kWh] | E32: SEC VIC | F32: 2025-07-01 | H32: May 26 | I32: 18.7 | J32: 100 | K32: 0 | L32: LGCs Victoria 25-26 | M32: -0.78 | O32: -0.0146 | P32: -0.0146 | Q32: =IF(M32="","",I32*M32/1000) -> -0.014586 | R32: =IF(Q32="","",Q32-N(P32)) -> 1.4e-05 | S32: =IF(L32="","",IF(ISNUMBER(SEARCH("25-26",L32)),"25-26",IF(ISNUMBER(SEARCH("24-25",L32)),"24-25","other"))) -> 25-26 | W32: =IF(AND(R32<>"",ABS(R32)>0.05),"CO2e not kWh x factor",IF(V32="kWh differs from source","Virtual meter not mirroring",IF(AND(D32="Certificates - Location [kWh]",S32="24-25"),"Certificate on 24-25 factor","OK"))) -> OK
A33: Calder Park Light Service Facility | B33: Calder Park 100% Renewable Electricity | C33: Certificates - Location - kWh | D33: Certificates - Location [kWh] | E33: SEC VIC | F33: 2025-07-01 | H33: Jun 26 | I33: 199.9 | J33: 100 | K33: 0 | L33: LGCs Victoria 25-26 | M33: -0.78 | O33: -0.1559 | P33: -0.1559 | Q33: =IF(M33="","",I33*M33/1000) -> -0.155922 | R33: =IF(Q33="","",Q33-N(P33)) -> -2.2e-05 | S33: =IF(L33="","",IF(ISNUMBER(SEARCH("25-26",L33)),"25-26",IF(ISNUMBER(SEARCH("24-25",L33)),"24-25","other"))) -> 25-26 | W33: =IF(AND(R33<>"",ABS(R33)>0.05),"CO2e not kWh x factor",IF(V33="kWh differs from source","Virtual meter not mirroring",IF(AND(D33="Certificates - Location [kWh]",S33="24-25"),"Certificate on 24-25 factor","OK"))) -> OK
A34: Calder Park Light Service Facility | B34: Calder Park 100% Renewable Electricity | C34: Certificates - Location - kWh | D34: Certificates - Location [kWh] | E34: SEC VIC | F34: 2025-07-01 | H34: Jul 26 | I34: 206.5623 | J34: 0 | K34: 0 | L34: LGCs Victoria 25-26 | M34: -0.78 | O34: -0.1611 | P34: -0.1611 | Q34: =IF(M34="","",I34*M34/1000) -> -0.16111859 | R34: =IF(Q34="","",Q34-N(P34)) -> -1.8594e-05 | S34: =IF(L34="","",IF(ISNUMBER(SEARCH("25-26",L34)),"25-26",IF(ISNUMBER(SEARCH("24-25",L34)),"24-25","other"))) -> 25-26 | W34: =IF(AND(R34<>"",ABS(R34)>0.05),"CO2e not kWh x factor",IF(V34="kWh differs from source","Virtual meter not mirroring",IF(AND(D34="Certificates - Location [kWh]",S34="24-25"),"Certificate on 24-25 factor","OK"))) -> OK
A35: Calder Park Light Service Facility | B35: Calder Park 100% Renewable Electricity | C35: Certificates - Location - kWh | D35: Certificates - Location [kWh] | E35: SEC VIC | F35: 2025-07-01 | H35: Aug 26 | I35: 206.5623 | J35: 0 | K35: 0 | L35: LGCs Victoria 25-26 | M35: -0.78 | O35: -0.1611 | P35: -0.1611 | Q35: =IF(M35="","",I35*M35/1000) -> -0.16111859 | R35: =IF(Q35="","",Q35-N(P35)) -> -1.8594e-05 | S35: =IF(L35="","",IF(ISNUMBER(SEARCH("25-26",L35)),"25-26",IF(ISNUMBER(SEARCH("24-25",L35)),"24-25","other"))) -> 25-26 | W35: =IF(AND(R35<>"",ABS(R35)>0.05),"CO2e not kWh x factor",IF(V35="kWh differs from source","Virtual meter not mirroring",IF(AND(D35="Certificates - Location [kWh]",S35="24-25"),"Certificate on 24-25 factor","OK"))) -> OK
A36: Calder Park Light Service Facility | B36: Grid Electricity | C36: Electricity – purchased from grid [kWh] | D36: Electricity [kWh] | E36: Downer | F36: 2026-01-01 | H36: Mar 26 | I36: 66.1 | J36: 100 | K36: 0 | L36: 78 - Electricity - 25-26 - Victoria | M36: 0.78 | N36: 0.0516 | P36: 0.0516 | Q36: =IF(M36="","",I36*M36/1000) -> 0.051558 | R36: =IF(Q36="","",Q36-N(P36)) -> -4.2e-05 | S36: =IF(L36="","",IF(ISNUMBER(SEARCH("25-26",L36)),"25-26",IF(ISNUMBER(SEARCH("24-25",L36)),"24-25","other"))) -> 25-26 | W36: =IF(AND(R36<>"",ABS(R36)>0.05),"CO2e not kWh x factor",IF(V36="kWh differs from source","Virtual meter not mirroring",IF(AND(D36="Certificates - Location [kWh]",S36="24-25"),"Certificate on 24-25 factor","OK"))) -> OK
A37: Calder Park Light Service Facility | B37: Grid Electricity | C37: Electricity – purchased from grid [kWh] | D37: Electricity [kWh] | E37: Downer | F37: 2026-01-01 | H37: Apr 26 | I37: 140.3 | J37: 100 | K37: 0 | L37: 78 - Electricity - 25-26 - Victoria | M37: 0.78 | N37: 0.1094 | P37: 0.1094 | Q37: =IF(M37="","",I37*M37/1000) -> 0.109434 | R37: =IF(Q37="","",Q37-N(P37)) -> 3.4e-05 | S37: =IF(L37="","",IF(ISNUMBER(SEARCH("25-26",L37)),"25-26",IF(ISNUMBER(SEARCH("24-25",L37)),"24-25","other"))) -> 25-26 | W37: =IF(AND(R37<>"",ABS(R37)>0.05),"CO2e not kWh x factor",IF(V37="kWh differs from source","Virtual meter not mirroring",IF(AND(D37="Certificates - Location [kWh]",S37="24-25"),"Certificate on 24-25 factor","OK"))) -> OK
A38: Calder Park Light Service Facility | B38: Grid Electricity | C38: Electricity – purchased from grid [kWh] | D38: Electricity [kWh] | E38: Downer | F38: 2026-01-01 | H38: May 26 | I38: 18.7 | J38: 100 | K38: 0 | L38: 78 - Electricity - 25-26 - Victoria | M38: 0.78 | N38: 0.0146 | P38: 0.0146 | Q38: =IF(M38="","",I38*M38/1000) -> 0.014586 | R38: =IF(Q38="","",Q38-N(P38)) -> -1.4e-05 | S38: =IF(L38="","",IF(ISNUMBER(SEARCH("25-26",L38)),"25-26",IF(ISNUMBER(SEARCH("24-25",L38)),"24-25","other"))) -> 25-26 | W38: =IF(AND(R38<>"",ABS(R38)>0.05),"CO2e not kWh x factor",IF(V38="kWh differs from source","Virtual meter not mirroring",IF(AND(D38="Certificates - Location [kWh]",S38="24-25"),"Certificate on 24-25 factor","OK"))) -> OK
A39: Calder Park Light Service Facility | B39: Grid Electricity | C39: Electricity – purchased from grid [kWh] | D39: Electricity [kWh] | E39: Downer | F39: 2026-01-01 | H39: Jun 26 | I39: 199.9 | J39: 100 | K39: 0 | L39: 78 - Electricity - 25-26 - Victoria | M39: 0.78 | N39: 0.1559 | P39: 0.1559 | Q39: =IF(M39="","",I39*M39/1000) -> 0.155922 | R39: =IF(Q39="","",Q39-N(P39)) -> 2.2e-05 | S39: =IF(L39="","",IF(ISNUMBER(SEARCH("25-26",L39)),"25-26",IF(ISNUMBER(SEARCH("24-25",L39)),"24-25","other"))) -> 25-26 | W39: =IF(AND(R39<>"",ABS(R39)>0.05),"CO2e not kWh x factor",IF(V39="kWh differs from source","Virtual meter not mirroring",IF(AND(D39="Certificates - Location [kWh]",S39="24-25"),"Certificate on 24-25 factor","OK"))) -> OK
A40: Calder Park Light Service Facility | B40: Grid Electricity | C40: Electricity – purchased from grid [kWh] | D40: Electricity [kWh] | E40: Downer | F40: 2026-01-01 | H40: Jul 26 | I40: 206.5623 | J40: 0 | K40: 100 | L40: 78 - Electricity - 25-26 - Victoria | M40: 0.78 | N40: 0.1611 | P40: 0.1611 | Q40: =IF(M40="","",I40*M40/1000) -> 0.16111859 | R40: =IF(Q40="","",Q40-N(P40)) -> 1.8594e-05 | S40: =IF(L40="","",IF(ISNUMBER(SEARCH("25-26",L40)),"25-26",IF(ISNUMBER(SEARCH("24-25",L40)),"24-25","other"))) -> 25-26 | W40: =IF(AND(R40<>"",ABS(R40)>0.05),"CO2e not kWh x factor",IF(V40="kWh differs from source","Virtual meter not mirroring",IF(AND(D40="Certificates - Location [kWh]",S40="24-25"),"Certificate on 24-25 factor","OK"))) -> OK
A41: Calder Park Light Service Facility | B41: Grid Electricity | C41: Electricity – purchased from grid [kWh] | D41: Electricity [kWh] | E41: Downer | F41: 2026-01-01 | H41: Aug 26 | I41: 206.5623 | J41: 0 | K41: 100 | L41: 78 - Electricity - 25-26 - Victoria | M41: 0.78 | N41: 0.1611 | P41: 0.1611 | Q41: =IF(M41="","",I41*M41/1000) -> 0.16111859 | R41: =IF(Q41="","",Q41-N(P41)) -> 1.8594e-05 | S41: =IF(L41="","",IF(ISNUMBER(SEARCH("25-26",L41)),"25-26",IF(ISNUMBER(SEARCH("24-25",L41)),"24-25","other"))) -> 25-26 | W41: =IF(AND(R41<>"",ABS(R41)>0.05),"CO2e not kWh x factor",IF(V41="kWh differs from source","Virtual meter not mirroring",IF(AND(D41="Certificates - Location [kWh]",S41="24-25"),"Certificate on 24-25 factor","OK"))) -> OK
A42: Cardiff - Rail | B42: 700000536_ZZZZ001261 | C42: Electricity Small Market | D42: Electricity - Green [kWh] | E42: CleanPeakEnergy | H42: Mar 26 | I42: 0 | L42: 77 - Electricity Green - 25-26 - New South Wales | M42: -0.64 | O42: 0 | Q42: =IF(M42="","",I42*M42/1000) -> 0 | R42: =IF(Q42="","",Q42-N(P42)) -> 0 | S42: =IF(L42="","",IF(ISNUMBER(SEARCH("25-26",L42)),"25-26",IF(ISNUMBER(SEARCH("24-25",L42)),"24-25","other"))) -> 25-26 | W42: =IF(AND(R42<>"",ABS(R42)>0.05),"CO2e not kWh x factor",IF(V42="kWh differs from source","Virtual meter not mirroring",IF(AND(D42="Certificates - Location [kWh]",S42="24-25"),"Certificate on 24-25 factor","OK"))) -> OK
A43: Cardiff - Rail | B43: 700000536_ZZZZ001261 | C43: Electricity Small Market | D43: Electricity - Green [kWh] | E43: CleanPeakEnergy | H43: Apr 26 | I43: 0 | L43: 77 - Electricity Green - 25-26 - New South Wales | M43: -0.64 | O43: 0 | Q43: =IF(M43="","",I43*M43/1000) -> 0 | R43: =IF(Q43="","",Q43-N(P43)) -> 0 | S43: =IF(L43="","",IF(ISNUMBER(SEARCH("25-26",L43)),"25-26",IF(ISNUMBER(SEARCH("24-25",L43)),"24-25","other"))) -> 25-26 | W43: =IF(AND(R43<>"",ABS(R43)>0.05),"CO2e not kWh x factor",IF(V43="kWh differs from source","Virtual meter not mirroring",IF(AND(D43="Certificates - Location [kWh]",S43="24-25"),"Certificate on 24-25 factor","OK"))) -> OK
A44: Cardiff - Rail | B44: 700000536_ZZZZ001261 | C44: Electricity Small Market | D44: Electricity - Green [kWh] | E44: CleanPeakEnergy | H44: May 26 | I44: 0 | L44: 77 - Electricity Green - 25-26 - New South Wales | M44: -0.64 | O44: 0 | Q44: =IF(M44="","",I44*M44/1000) -> 0 | R44: =IF(Q44="","",Q44-N(P44)) -> 0 | S44: =IF(L44="","",IF(ISNUMBER(SEARCH("25-26",L44)),"25-26",IF(ISNUMBER(SEARCH("24-25",L44)),"24-25","other"))) -> 25-26 | W44: =IF(AND(R44<>"",ABS(R44)>0.05),"CO2e not kWh x factor",IF(V44="kWh differs from source","Virtual meter not mirroring",IF(AND(D44="Certificates - Location [kWh]",S44="24-25"),"Certificate on 24-25 factor","OK"))) -> OK
A45: Cardiff - Rail | B45: 700000536_ZZZZ001261 | C45: Electricity Small Market | D45: Electricity - Green [kWh] | E45: CleanPeakEnergy | H45: Jun 26 | I45: 0 | L45: 77 - Electricity Green - 25-26 - New South Wales | M45: -0.64 | O45: 0 | Q45: =IF(M45="","",I45*M45/1000) -> 0 | R45: =IF(Q45="","",Q45-N(P45)) -> 0 | S45: =IF(L45="","",IF(ISNUMBER(SEARCH("25-26",L45)),"25-26",IF(ISNUMBER(SEARCH("24-25",L45)),"24-25","other"))) -> 25-26 | W45: =IF(AND(R45<>"",ABS(R45)>0.05),"CO2e not kWh x factor",IF(V45="kWh differs from source","Virtual meter not mirroring",IF(AND(D45="Certificates - Location [kWh]",S45="24-25"),"Certificate on 24-25 factor","OK"))) -> OK
A46: Cardiff - Rail | B46: 700000536_ZZZZ001261 | C46: Electricity Small Market | D46: Electricity - Green [kWh] | E46: CleanPeakEnergy | H46: Jul 26 | I46: 0 | L46: 77 - Electricity Green - 25-26 - New South Wales | M46: -0.64 | O46: 0 | Q46: =IF(M46="","",I46*M46/1000) -> 0 | R46: =IF(Q46="","",Q46-N(P46)) -> 0 | S46: =IF(L46="","",IF(ISNUMBER(SEARCH("25-26",L46)),"25-26",IF(ISNUMBER(SEARCH("24-25",L46)),"24-25","other"))) -> 25-26 | W46: =IF(AND(R46<>"",ABS(R46)>0.05),"CO2e not kWh x factor",IF(V46="kWh differs from source","Virtual meter not mirroring",IF(AND(D46="Certificates - Location [kWh]",S46="24-25"),"Certificate on 24-25 factor","OK"))) -> OK
A47: Cardiff - Rail | B47: 700000536_ZZZZ001261 | C47: Electricity Small Market | D47: Electricity - Green [kWh] | E47: CleanPeakEnergy | H47: Aug 26 | I47: 0 | L47: 77 - Electricity Green - 25-26 - New South Wales | M47: -0.64 | O47: 0 | Q47: =IF(M47="","",I47*M47/1000) -> 0 | R47: =IF(Q47="","",Q47-N(P47)) -> 0 | S47: =IF(L47="","",IF(ISNUMBER(SEARCH("25-26",L47)),"25-26",IF(ISNUMBER(SEARCH("24-25",L47)),"24-25","other"))) -> 25-26 | W47: =IF(AND(R47<>"",ABS(R47)>0.05),"CO2e not kWh x factor",IF(V47="kWh differs from source","Virtual meter not mirroring",IF(AND(D47="Certificates - Location [kWh]",S47="24-25"),"Certificate on 24-25 factor","OK"))) -> OK
A48: Cardiff - Rail | B48: 700000536_ZZZZ001261 | C48: Electricity Small Market | D48: Electricity [kWh] | E48: CleanPeakEnergy | H48: Mar 26 | I48: 227830.53 | J48: 100 | K48: 0 | L48: 77 - Electricity - 25-26 - New South Wales | M48: 0.64 | N48: 145.8115 | P48: 145.8115 | Q48: =IF(M48="","",I48*M48/1000) -> 145.81154 | R48: =IF(Q48="","",Q48-N(P48)) -> 4.112e-05 | S48: =IF(L48="","",IF(ISNUMBER(SEARCH("25-26",L48)),"25-26",IF(ISNUMBER(SEARCH("24-25",L48)),"24-25","other"))) -> 25-26 | W48: =IF(AND(R48<>"",ABS(R48)>0.05),"CO2e not kWh x factor",IF(V48="kWh differs from source","Virtual meter not mirroring",IF(AND(D48="Certificates - Location [kWh]",S48="24-25"),"Certificate on 24-25 factor","OK"))) -> OK
A49: Cardiff - Rail | B49: 700000536_ZZZZ001261 | C49: Electricity Small Market | D49: Electricity [kWh] | E49: CleanPeakEnergy | H49: Apr 26 | I49: 205319.76 | J49: 100 | K49: 0 | L49: 77 - Electricity - 25-26 - New South Wales | M49: 0.64 | N49: 131.4046 | P49: 131.4046 | Q49: =IF(M49="","",I49*M49/1000) -> 131.40465 | R49: =IF(Q49="","",Q49-N(P49)) -> 4.832e-05 | S49: =IF(L49="","",IF(ISNUMBER(SEARCH("25-26",L49)),"25-26",IF(ISNUMBER(SEARCH("24-25",L49)),"24-25","other"))) -> 25-26 | W49: =IF(AND(R49<>"",ABS(R49)>0.05),"CO2e not kWh x factor",IF(V49="kWh differs from source","Virtual meter not mirroring",IF(AND(D49="Certificates - Location [kWh]",S49="24-25"),"Certificate on 24-25 factor","OK"))) -> OK
A50: Cardiff - Rail | B50: 700000536_ZZZZ001261 | C50: Electricity Small Market | D50: Electricity [kWh] | E50: CleanPeakEnergy | H50: May 26 | I50: 227003.32 | J50: 100 | K50: 0 | L50: 77 - Electricity - 25-26 - New South Wales | M50: 0.64 | N50: 145.2821 | P50: 145.2821 | Q50: =IF(M50="","",I50*M50/1000) -> 145.28213 | R50: =IF(Q50="","",Q50-N(P50)) -> 2.6528e-05 | S50: =IF(L50="","",IF(ISNUMBER(SEARCH("25-26",L50)),"25-26",IF(ISNUMBER(SEARCH("24-25",L50)),"24-25","other"))) -> 25-26 | W50: =IF(AND(R50<>"",ABS(R50)>0.05),"CO2e not kWh x factor",IF(V50="kWh differs from source","Virtual meter not mirroring",IF(AND(D50="Certificates - Location [kWh]",S50="24-25"),"Certificate on 24-25 factor","OK"))) -> OK
A51: Cardiff - Rail | B51: 700000536_ZZZZ001261 | C51: Electricity Small Market | D51: Electricity [kWh] | E51: CleanPeakEnergy | H51: Jun 26 | I51: 227595.5 | J51: 100 | K51: 0 | L51: 77 - Electricity - 25-26 - New South Wales | M51: 0.64 | N51: 145.6611 | P51: 145.6611 | Q51: =IF(M51="","",I51*M51/1000) -> 145.66112 | R51: =IF(Q51="","",Q51-N(P51)) -> 2.0192e-05 | S51: =IF(L51="","",IF(ISNUMBER(SEARCH("25-26",L51)),"25-26",IF(ISNUMBER(SEARCH("24-25",L51)),"24-25","other"))) -> 25-26 | W51: =IF(AND(R51<>"",ABS(R51)>0.05),"CO2e not kWh x factor",IF(V51="kWh differs from source","Virtual meter not mirroring",IF(AND(D51="Certificates - Location [kWh]",S51="24-25"),"Certificate on 24-25 factor","OK"))) -> OK
A52: Cardiff - Rail | B52: 700000536_ZZZZ001261 | C52: Electricity Small Market | D52: Electricity [kWh] | E52: CleanPeakEnergy | H52: Jul 26 | I52: 258866.97 | J52: 100 | K52: 0 | L52: 77 - Electricity - 25-26 - New South Wales | M52: 0.64 | N52: 165.6749 | P52: 165.6749 | Q52: =IF(M52="","",I52*M52/1000) -> 165.67486 | R52: =IF(Q52="","",Q52-N(P52)) -> -3.92e-05 | S52: =IF(L52="","",IF(ISNUMBER(SEARCH("25-26",L52)),"25-26",IF(ISNUMBER(SEARCH("24-25",L52)),"24-25","other"))) -> 25-26 | W52: =IF(AND(R52<>"",ABS(R52)>0.05),"CO2e not kWh x factor",IF(V52="kWh differs from source","Virtual meter not mirroring",IF(AND(D52="Certificates - Location [kWh]",S52="24-25"),"Certificate on 24-25 factor","OK"))) -> OK
A53: Cardiff - Rail | B53: 700000536_ZZZZ001261 | C53: Electricity Small Market | D53: Electricity [kWh] | E53: CleanPeakEnergy | H53: Aug 26 | I53: 255504.57 | J53: 100 | K53: 0 | L53: 77 - Electricity - 25-26 - New South Wales | M53: 0.64 | N53: 163.5229 | P53: 163.5229 | Q53: =IF(M53="","",I53*M53/1000) -> 163.52292 | R53: =IF(Q53="","",Q53-N(P53)) -> 2.16e-05 | S53: =IF(L53="","",IF(ISNUMBER(SEARCH("25-26",L53)),"25-26",IF(ISNUMBER(SEARCH("24-25",L53)),"24-25","other"))) -> 25-26 | W53: =IF(AND(R53<>"",ABS(R53)>0.05),"CO2e not kWh x factor",IF(V53="kWh differs from source","Virtual meter not mirroring",IF(AND(D53="Certificates - Location [kWh]",S53="24-25"),"Certificate on 24-25 factor","OK"))) -> OK
A54: Cardiff - Rail | B54: Cardiff solar PV_consumed | C54: Electricity consumption-not from the grid [kWh] | D54: Electricity - not from grid [kWh] | F54: 2018-08-15 | H54: Mar 26 | I54: 14980 | J54: 100 | K54: 0 | L54: Electricity (not from grid) Energy Commodity | M54: 0 | Q54: =IF(M54="","",I54*M54/1000) -> 0 | R54: =IF(Q54="","",Q54-N(P54)) -> 0 | S54: =IF(L54="","",IF(ISNUMBER(SEARCH("25-26",L54)),"25-26",IF(ISNUMBER(SEARCH("24-25",L54)),"24-25","other"))) -> other | W54: =IF(AND(R54<>"",ABS(R54)>0.05),"CO2e not kWh x factor",IF(V54="kWh differs from source","Virtual meter not mirroring",IF(AND(D54="Certificates - Location [kWh]",S54="24-25"),"Certificate on 24-25 factor","OK"))) -> OK
A55: Cardiff - Rail | B55: Cardiff solar PV_consumed | C55: Electricity consumption-not from the grid [kWh] | D55: Electricity - not from grid [kWh] | F55: 2018-08-15 | H55: Apr 26 | I55: 12540 | J55: 100 | K55: 0 | L55: Electricity (not from grid) Energy Commodity | M55: 0 | Q55: =IF(M55="","",I55*M55/1000) -> 0 | R55: =IF(Q55="","",Q55-N(P55)) -> 0 | S55: =IF(L55="","",IF(ISNUMBER(SEARCH("25-26",L55)),"25-26",IF(ISNUMBER(SEARCH("24-25",L55)),"24-25","other"))) -> other | W55: =IF(AND(R55<>"",ABS(R55)>0.05),"CO2e not kWh x factor",IF(V55="kWh differs from source","Virtual meter not mirroring",IF(AND(D55="Certificates - Location [kWh]",S55="24-25"),"Certificate on 24-25 factor","OK"))) -> OK
A56: Cardiff - Rail | B56: Cardiff solar PV_consumed | C56: Electricity consumption-not from the grid [kWh] | D56: Electricity - not from grid [kWh] | F56: 2018-08-15 | H56: May 26 | I56: 6277 | J56: 100 | K56: 0 | L56: Electricity (not from grid) Energy Commodity | M56: 0 | Q56: =IF(M56="","",I56*M56/1000) -> 0 | R56: =IF(Q56="","",Q56-N(P56)) -> 0 | S56: =IF(L56="","",IF(ISNUMBER(SEARCH("25-26",L56)),"25-26",IF(ISNUMBER(SEARCH("24-25",L56)),"24-25","other"))) -> other | W56: =IF(AND(R56<>"",ABS(R56)>0.05),"CO2e not kWh x factor",IF(V56="kWh differs from source","Virtual meter not mirroring",IF(AND(D56="Certificates - Location [kWh]",S56="24-25"),"Certificate on 24-25 factor","OK"))) -> OK
A57: Cardiff - Rail | B57: Cardiff solar PV_consumed | C57: Electricity consumption-not from the grid [kWh] | D57: Electricity - not from grid [kWh] | F57: 2018-08-15 | H57: Jun 26 | I57: 6534.08 | J57: 100 | K57: 0 | L57: Electricity (not from grid) Energy Commodity | M57: 0 | Q57: =IF(M57="","",I57*M57/1000) -> 0 | R57: =IF(Q57="","",Q57-N(P57)) -> 0 | S57: =IF(L57="","",IF(ISNUMBER(SEARCH("25-26",L57)),"25-26",IF(ISNUMBER(SEARCH("24-25",L57)),"24-25","other"))) -> other | W57: =IF(AND(R57<>"",ABS(R57)>0.05),"CO2e not kWh x factor",IF(V57="kWh differs from source","Virtual meter not mirroring",IF(AND(D57="Certificates - Location [kWh]",S57="24-25"),"Certificate on 24-25 factor","OK"))) -> OK
A58: Cardiff - Rail | B58: Cardiff solar PV_consumed | C58: Electricity consumption-not from the grid [kWh] | D58: Electricity - not from grid [kWh] | F58: 2018-08-15 | H58: Jul 26 | I58: 6751.8837 | J58: 0 | K58: 100 | L58: Electricity (not from grid) Energy Commodity | M58: 0 | Q58: =IF(M58="","",I58*M58/1000) -> 0 | R58: =IF(Q58="","",Q58-N(P58)) -> 0 | S58: =IF(L58="","",IF(ISNUMBER(SEARCH("25-26",L58)),"25-26",IF(ISNUMBER(SEARCH("24-25",L58)),"24-25","other"))) -> other | W58: =IF(AND(R58<>"",ABS(R58)>0.05),"CO2e not kWh x factor",IF(V58="kWh differs from source","Virtual meter not mirroring",IF(AND(D58="Certificates - Location [kWh]",S58="24-25"),"Certificate on 24-25 factor","OK"))) -> OK
A59: Cardiff - Rail | B59: Cardiff solar PV_consumed | C59: Electricity consumption-not from the grid [kWh] | D59: Electricity - not from grid [kWh] | F59: 2018-08-15 | H59: Aug 26 | I59: 3924.9999 | J59: 0 | K59: 100 | L59: Electricity (not from grid) Energy Commodity | M59: 0 | Q59: =IF(M59="","",I59*M59/1000) -> 0 | R59: =IF(Q59="","",Q59-N(P59)) -> 0 | S59: =IF(L59="","",IF(ISNUMBER(SEARCH("25-26",L59)),"25-26",IF(ISNUMBER(SEARCH("24-25",L59)),"24-25","other"))) -> other | W59: =IF(AND(R59<>"",ABS(R59)>0.05),"CO2e not kWh x factor",IF(V59="kWh differs from source","Virtual meter not mirroring",IF(AND(D59="Certificates - Location [kWh]",S59="24-25"),"Certificate on 24-25 factor","OK"))) -> OK
A60: Cardiff - Rail | B60: Tenant 700000536_ZZZZ001261 | C60: Electricity Small Market | D60: Electricity [kWh] | E60: CleanPeakEnergy | H60: Mar 26 | I60: -92043.535 | J60: 100 | K60: 0 | L60: 77 - Electricity - 25-26 - New South Wales | M60: 0.64 | N60: -58.9079 | P60: -58.9079 | Q60: =IF(M60="","",I60*M60/1000) -> -58.907863 | R60: =IF(Q60="","",Q60-N(P60)) -> 3.7408e-05 | S60: =IF(L60="","",IF(ISNUMBER(SEARCH("25-26",L60)),"25-26",IF(ISNUMBER(SEARCH("24-25",L60)),"24-25","other"))) -> 25-26 | W60: =IF(AND(R60<>"",ABS(R60)>0.05),"CO2e not kWh x factor",IF(V60="kWh differs from source","Virtual meter not mirroring",IF(AND(D60="Certificates - Location [kWh]",S60="24-25"),"Certificate on 24-25 factor","OK"))) -> OK
A61: Cardiff - Rail | B61: Tenant 700000536_ZZZZ001261 | C61: Electricity Small Market | D61: Electricity [kWh] | E61: CleanPeakEnergy | H61: Apr 26 | I61: -82949.184 | J61: 100 | K61: 0 | L61: 77 - Electricity - 25-26 - New South Wales | M61: 0.64 | N61: -53.0875 | P61: -53.0875 | Q61: =IF(M61="","",I61*M61/1000) -> -53.087478 | R61: =IF(Q61="","",Q61-N(P61)) -> 2.2048e-05 | S61: =IF(L61="","",IF(ISNUMBER(SEARCH("25-26",L61)),"25-26",IF(ISNUMBER(SEARCH("24-25",L61)),"24-25","other"))) -> 25-26 | W61: =IF(AND(R61<>"",ABS(R61)>0.05),"CO2e not kWh x factor",IF(V61="kWh differs from source","Virtual meter not mirroring",IF(AND(D61="Certificates - Location [kWh]",S61="24-25"),"Certificate on 24-25 factor","OK"))) -> OK
A62: Cardiff - Rail | B62: Tenant 700000536_ZZZZ001261 | C62: Electricity Small Market | D62: Electricity [kWh] | E62: CleanPeakEnergy | H62: May 26 | I62: -91709.342 | J62: 100 | K62: 0 | L62: 77 - Electricity - 25-26 - New South Wales | M62: 0.64 | N62: -58.694 | P62: -58.694 | Q62: =IF(M62="","",I62*M62/1000) -> -58.693979 | R62: =IF(Q62="","",Q62-N(P62)) -> 2.0864e-05 | S62: =IF(L62="","",IF(ISNUMBER(SEARCH("25-26",L62)),"25-26",IF(ISNUMBER(SEARCH("24-25",L62)),"24-25","other"))) -> 25-26 | W62: =IF(AND(R62<>"",ABS(R62)>0.05),"CO2e not kWh x factor",IF(V62="kWh differs from source","Virtual meter not mirroring",IF(AND(D62="Certificates - Location [kWh]",S62="24-25"),"Certificate on 24-25 factor","OK"))) -> OK
A63: Cardiff - Rail | B63: Tenant 700000536_ZZZZ001261 | C63: Electricity Small Market | D63: Electricity [kWh] | E63: CleanPeakEnergy | H63: Jun 26 | I63: -91948.582 | J63: 100 | K63: 0 | L63: 77 - Electricity - 25-26 - New South Wales | M63: 0.64 | N63: -58.8471 | P63: -58.8471 | Q63: =IF(M63="","",I63*M63/1000) -> -58.847093 | R63: =IF(Q63="","",Q63-N(P63)) -> 7.456e-06 | S63: =IF(L63="","",IF(ISNUMBER(SEARCH("25-26",L63)),"25-26",IF(ISNUMBER(SEARCH("24-25",L63)),"24-25","other"))) -> 25-26 | W63: =IF(AND(R63<>"",ABS(R63)>0.05),"CO2e not kWh x factor",IF(V63="kWh differs from source","Virtual meter not mirroring",IF(AND(D63="Certificates - Location [kWh]",S63="24-25"),"Certificate on 24-25 factor","OK"))) -> OK
A64: Cardiff - Rail | B64: Tenant 700000536_ZZZZ001261 | C64: Electricity Small Market | D64: Electricity [kWh] | E64: CleanPeakEnergy | H64: Jul 26 | I64: -104582.26 | J64: 100 | K64: 0 | L64: 77 - Electricity - 25-26 - New South Wales | M64: 0.64 | N64: -66.9326 | P64: -66.9326 | Q64: =IF(M64="","",I64*M64/1000) -> -66.932644 | R64: =IF(Q64="","",Q64-N(P64)) -> -4.3776e-05 | S64: =IF(L64="","",IF(ISNUMBER(SEARCH("25-26",L64)),"25-26",IF(ISNUMBER(SEARCH("24-25",L64)),"24-25","other"))) -> 25-26 | W64: =IF(AND(R64<>"",ABS(R64)>0.05),"CO2e not kWh x factor",IF(V64="kWh differs from source","Virtual meter not mirroring",IF(AND(D64="Certificates - Location [kWh]",S64="24-25"),"Certificate on 24-25 factor","OK"))) -> OK
A65: Cardiff - Rail | B65: Tenant 700000536_ZZZZ001261 | C65: Electricity Small Market | D65: Electricity [kWh] | E65: CleanPeakEnergy | H65: Aug 26 | I65: -103223.84 | J65: 100 | K65: 0 | L65: 77 - Electricity - 25-26 - New South Wales | M65: 0.64 | N65: -66.0633 | P65: -66.0633 | Q65: =IF(M65="","",I65*M65/1000) -> -66.06326 | R65: =IF(Q65="","",Q65-N(P65)) -> 3.9648e-05 | S65: =IF(L65="","",IF(ISNUMBER(SEARCH("25-26",L65)),"25-26",IF(ISNUMBER(SEARCH("24-25",L65)),"24-25","other"))) -> 25-26 | W65: =IF(AND(R65<>"",ABS(R65)>0.05),"CO2e not kWh x factor",IF(V65="kWh differs from source","Virtual meter not mirroring",IF(AND(D65="Certificates - Location [kWh]",S65="24-25"),"Certificate on 24-25 factor","OK"))) -> OK
A66: HCMT - East Pakenham Depot | B66: 68_Electricity consumption - not from the grid | C66: Electricity consumption-not from the grid [kWh] | D66: Electricity - not from grid [kWh] | F66: 2020-07-02 | H66: Mar 26 | I66: 15850 | J66: 100 | K66: 0 | L66: Electricity (not from grid) Energy Commodity | M66: 0 | Q66: =IF(M66="","",I66*M66/1000) -> 0 | R66: =IF(Q66="","",Q66-N(P66)) -> 0 | S66: =IF(L66="","",IF(ISNUMBER(SEARCH("25-26",L66)),"25-26",IF(ISNUMBER(SEARCH("24-25",L66)),"24-25","other"))) -> other | W66: =IF(AND(R66<>"",ABS(R66)>0.05),"CO2e not kWh x factor",IF(V66="kWh differs from source","Virtual meter not mirroring",IF(AND(D66="Certificates - Location [kWh]",S66="24-25"),"Certificate on 24-25 factor","OK"))) -> OK
A67: HCMT - East Pakenham Depot | B67: 68_Electricity consumption - not from the grid | C67: Electricity consumption-not from the grid [kWh] | D67: Electricity - not from grid [kWh] | F67: 2020-07-02 | H67: Apr 26 | I67: 15890 | J67: 100 | K67: 0 | L67: Electricity (not from grid) Energy Commodity | M67: 0 | Q67: =IF(M67="","",I67*M67/1000) -> 0 | R67: =IF(Q67="","",Q67-N(P67)) -> 0 | S67: =IF(L67="","",IF(ISNUMBER(SEARCH("25-26",L67)),"25-26",IF(ISNUMBER(SEARCH("24-25",L67)),"24-25","other"))) -> other | W67: =IF(AND(R67<>"",ABS(R67)>0.05),"CO2e not kWh x factor",IF(V67="kWh differs from source","Virtual meter not mirroring",IF(AND(D67="Certificates - Location [kWh]",S67="24-25"),"Certificate on 24-25 factor","OK"))) -> OK
A68: HCMT - East Pakenham Depot | B68: 68_Electricity consumption - not from the grid | C68: Electricity consumption-not from the grid [kWh] | D68: Electricity - not from grid [kWh] | F68: 2020-07-02 | H68: May 26 | I68: 8919.1 | J68: 100 | K68: 0 | L68: Electricity (not from grid) Energy Commodity | M68: 0 | Q68: =IF(M68="","",I68*M68/1000) -> 0 | R68: =IF(Q68="","",Q68-N(P68)) -> 0 | S68: =IF(L68="","",IF(ISNUMBER(SEARCH("25-26",L68)),"25-26",IF(ISNUMBER(SEARCH("24-25",L68)),"24-25","other"))) -> other | W68: =IF(AND(R68<>"",ABS(R68)>0.05),"CO2e not kWh x factor",IF(V68="kWh differs from source","Virtual meter not mirroring",IF(AND(D68="Certificates - Location [kWh]",S68="24-25"),"Certificate on 24-25 factor","OK"))) -> OK
A69: HCMT - East Pakenham Depot | B69: 68_Electricity consumption - not from the grid | C69: Electricity consumption-not from the grid [kWh] | D69: Electricity - not from grid [kWh] | F69: 2020-07-02 | H69: Jun 26 | I69: 7745 | J69: 100 | K69: 0 | L69: Electricity (not from grid) Energy Commodity | M69: 0 | Q69: =IF(M69="","",I69*M69/1000) -> 0 | R69: =IF(Q69="","",Q69-N(P69)) -> 0 | S69: =IF(L69="","",IF(ISNUMBER(SEARCH("25-26",L69)),"25-26",IF(ISNUMBER(SEARCH("24-25",L69)),"24-25","other"))) -> other | W69: =IF(AND(R69<>"",ABS(R69)>0.05),"CO2e not kWh x factor",IF(V69="kWh differs from source","Virtual meter not mirroring",IF(AND(D69="Certificates - Location [kWh]",S69="24-25"),"Certificate on 24-25 factor","OK"))) -> OK
A70: HCMT - East Pakenham Depot | B70: 68_Electricity consumption - not from the grid | C70: Electricity consumption-not from the grid [kWh] | D70: Electricity - not from grid [kWh] | F70: 2020-07-02 | H70: Jul 26 | I70: 11335 | J70: 100 | K70: 0 | L70: Electricity (not from grid) Energy Commodity | M70: 0 | Q70: =IF(M70="","",I70*M70/1000) -> 0 | R70: =IF(Q70="","",Q70-N(P70)) -> 0 | S70: =IF(L70="","",IF(ISNUMBER(SEARCH("25-26",L70)),"25-26",IF(ISNUMBER(SEARCH("24-25",L70)),"24-25","other"))) -> other | W70: =IF(AND(R70<>"",ABS(R70)>0.05),"CO2e not kWh x factor",IF(V70="kWh differs from source","Virtual meter not mirroring",IF(AND(D70="Certificates - Location [kWh]",S70="24-25"),"Certificate on 24-25 factor","OK"))) -> OK
A71: HCMT - East Pakenham Depot | B71: 68_Electricity consumption - not from the grid | C71: Electricity consumption-not from the grid [kWh] | D71: Electricity - not from grid [kWh] | F71: 2020-07-02 | H71: Aug 26 | I71: 11795.001 | J71: 0 | K71: 100 | L71: Electricity (not from grid) Energy Commodity | M71: 0 | Q71: =IF(M71="","",I71*M71/1000) -> 0 | R71: =IF(Q71="","",Q71-N(P71)) -> 0 | S71: =IF(L71="","",IF(ISNUMBER(SEARCH("25-26",L71)),"25-26",IF(ISNUMBER(SEARCH("24-25",L71)),"24-25","other"))) -> other | W71: =IF(AND(R71<>"",ABS(R71)>0.05),"CO2e not kWh x factor",IF(V71="kWh differs from source","Virtual meter not mirroring",IF(AND(D71="Certificates - Location [kWh]",S71="24-25"),"Certificate on 24-25 factor","OK"))) -> OK
A72: HCMT - East Pakenham Depot | B72: 68_Electricity – purchased from grid | C72: Electricity – purchased from grid [kWh] | D72: Electricity [kWh] | E72: Downer | H72: Mar 26 | I72: 180360 | J72: 100 | K72: 0 | L72: 78 - Electricity - 25-26 - Victoria | M72: 0.78 | N72: 140.6808 | P72: 140.6808 | Q72: =IF(M72="","",I72*M72/1000) -> 140.6808 | R72: =IF(Q72="","",Q72-N(P72)) -> 0 | S72: =IF(L72="","",IF(ISNUMBER(SEARCH("25-26",L72)),"25-26",IF(ISNUMBER(SEARCH("24-25",L72)),"24-25","other"))) -> 25-26 | W72: =IF(AND(R72<>"",ABS(R72)>0.05),"CO2e not kWh x factor",IF(V72="kWh differs from source","Virtual meter not mirroring",IF(AND(D72="Certificates - Location [kWh]",S72="24-25"),"Certificate on 24-25 factor","OK"))) -> OK
A73: HCMT - East Pakenham Depot | B73: 68_Electricity – purchased from grid | C73: Electricity – purchased from grid [kWh] | D73: Electricity [kWh] | E73: Downer | H73: Apr 26 | I73: 184300 | J73: 100 | K73: 0 | L73: 78 - Electricity - 25-26 - Victoria | M73: 0.78 | N73: 143.754 | P73: 143.754 | Q73: =IF(M73="","",I73*M73/1000) -> 143.754 | R73: =IF(Q73="","",Q73-N(P73)) -> 0 | S73: =IF(L73="","",IF(ISNUMBER(SEARCH("25-26",L73)),"25-26",IF(ISNUMBER(SEARCH("24-25",L73)),"24-25","other"))) -> 25-26 | W73: =IF(AND(R73<>"",ABS(R73)>0.05),"CO2e not kWh x factor",IF(V73="kWh differs from source","Virtual meter not mirroring",IF(AND(D73="Certificates - Location [kWh]",S73="24-25"),"Certificate on 24-25 factor","OK"))) -> OK
A74: HCMT - East Pakenham Depot | B74: 68_Electricity – purchased from grid | C74: Electricity – purchased from grid [kWh] | D74: Electricity [kWh] | E74: Downer | H74: May 26 | I74: 204160 | J74: 100 | K74: 0 | L74: 78 - Electricity - 25-26 - Victoria | M74: 0.78 | N74: 159.2448 | P74: 159.2448 | Q74: =IF(M74="","",I74*M74/1000) -> 159.2448 | R74: =IF(Q74="","",Q74-N(P74)) -> 0 | S74: =IF(L74="","",IF(ISNUMBER(SEARCH("25-26",L74)),"25-26",IF(ISNUMBER(SEARCH("24-25",L74)),"24-25","other"))) -> 25-26 | W74: =IF(AND(R74<>"",ABS(R74)>0.05),"CO2e not kWh x factor",IF(V74="kWh differs from source","Virtual meter not mirroring",IF(AND(D74="Certificates - Location [kWh]",S74="24-25"),"Certificate on 24-25 factor","OK"))) -> OK
A75: HCMT - East Pakenham Depot | B75: 68_Electricity – purchased from grid | C75: Electricity – purchased from grid [kWh] | D75: Electricity [kWh] | E75: Downer | H75: Jun 26 | I75: 208475 | J75: 100 | K75: 0 | L75: 78 - Electricity - 25-26 - Victoria | M75: 0.78 | N75: 162.6105 | P75: 162.6105 | Q75: =IF(M75="","",I75*M75/1000) -> 162.6105 | R75: =IF(Q75="","",Q75-N(P75)) -> 0 | S75: =IF(L75="","",IF(ISNUMBER(SEARCH("25-26",L75)),"25-26",IF(ISNUMBER(SEARCH("24-25",L75)),"24-25","other"))) -> 25-26 | W75: =IF(AND(R75<>"",ABS(R75)>0.05),"CO2e not kWh x factor",IF(V75="kWh differs from source","Virtual meter not mirroring",IF(AND(D75="Certificates - Location [kWh]",S75="24-25"),"Certificate on 24-25 factor","OK"))) -> OK
A76: HCMT - East Pakenham Depot | B76: 68_Electricity – purchased from grid | C76: Electricity – purchased from grid [kWh] | D76: Electricity [kWh] | E76: Downer | H76: Jul 26 | I76: 219172 | J76: 100 | K76: 0 | L76: 78 - Electricity - 25-26 - Victoria | M76: 0.78 | N76: 170.9542 | P76: 170.9542 | Q76: =IF(M76="","",I76*M76/1000) -> 170.95416 | R76: =IF(Q76="","",Q76-N(P76)) -> -4e-05 | S76: =IF(L76="","",IF(ISNUMBER(SEARCH("25-26",L76)),"25-26",IF(ISNUMBER(SEARCH("24-25",L76)),"24-25","other"))) -> 25-26 | W76: =IF(AND(R76<>"",ABS(R76)>0.05),"CO2e not kWh x factor",IF(V76="kWh differs from source","Virtual meter not mirroring",IF(AND(D76="Certificates - Location [kWh]",S76="24-25"),"Certificate on 24-25 factor","OK"))) -> OK
A77: HCMT - East Pakenham Depot | B77: 68_Electricity – purchased from grid | C77: Electricity – purchased from grid [kWh] | D77: Electricity [kWh] | E77: Downer | H77: Aug 26 | I77: 219752.2 | J77: 0 | K77: 100 | L77: 78 - Electricity - 25-26 - Victoria | M77: 0.78 | N77: 171.4067 | P77: 171.4067 | Q77: =IF(M77="","",I77*M77/1000) -> 171.40671 | R77: =IF(Q77="","",Q77-N(P77)) -> 1.4908e-05 | S77: =IF(L77="","",IF(ISNUMBER(SEARCH("25-26",L77)),"25-26",IF(ISNUMBER(SEARCH("24-25",L77)),"24-25","other"))) -> 25-26 | W77: =IF(AND(R77<>"",ABS(R77)>0.05),"CO2e not kWh x factor",IF(V77="kWh differs from source","Virtual meter not mirroring",IF(AND(D77="Certificates - Location [kWh]",S77="24-25"),"Certificate on 24-25 factor","OK"))) -> OK
A78: HCMT - East Pakenham Depot | B78: HCMT 100% Renewable Deduction | C78: Certificates - Location - kWh | D78: Certificates - Location [kWh] | E78: SEC VIC | F78: 2025-07-01 | H78: Mar 26 | I78: 180360 | J78: 100 | K78: 0 | L78: LGCs Victoria 25-26 | M78: -0.78 | O78: -140.6808 | P78: -140.6808 | Q78: =IF(M78="","",I78*M78/1000) -> -140.6808 | R78: =IF(Q78="","",Q78-N(P78)) -> 0 | S78: =IF(L78="","",IF(ISNUMBER(SEARCH("25-26",L78)),"25-26",IF(ISNUMBER(SEARCH("24-25",L78)),"24-25","other"))) -> 25-26 | W78: =IF(AND(R78<>"",ABS(R78)>0.05),"CO2e not kWh x factor",IF(V78="kWh differs from source","Virtual meter not mirroring",IF(AND(D78="Certificates - Location [kWh]",S78="24-25"),"Certificate on 24-25 factor","OK"))) -> OK
A79: HCMT - East Pakenham Depot | B79: HCMT 100% Renewable Deduction | C79: Certificates - Location - kWh | D79: Certificates - Location [kWh] | E79: SEC VIC | F79: 2025-07-01 | H79: Apr 26 | I79: 184300 | J79: 100 | K79: 0 | L79: LGCs Victoria 25-26 | M79: -0.78 | O79: -143.754 | P79: -143.754 | Q79: =IF(M79="","",I79*M79/1000) -> -143.754 | R79: =IF(Q79="","",Q79-N(P79)) -> 0 | S79: =IF(L79="","",IF(ISNUMBER(SEARCH("25-26",L79)),"25-26",IF(ISNUMBER(SEARCH("24-25",L79)),"24-25","other"))) -> 25-26 | W79: =IF(AND(R79<>"",ABS(R79)>0.05),"CO2e not kWh x factor",IF(V79="kWh differs from source","Virtual meter not mirroring",IF(AND(D79="Certificates - Location [kWh]",S79="24-25"),"Certificate on 24-25 factor","OK"))) -> OK
A80: HCMT - East Pakenham Depot | B80: HCMT 100% Renewable Deduction | C80: Certificates - Location - kWh | D80: Certificates - Location [kWh] | E80: SEC VIC | F80: 2025-07-01 | H80: May 26 | I80: 204160 | J80: 100 | K80: 0 | L80: LGCs Victoria 25-26 | M80: -0.78 | O80: -159.2448 | P80: -159.2448 | Q80: =IF(M80="","",I80*M80/1000) -> -159.2448 | R80: =IF(Q80="","",Q80-N(P80)) -> 0 | S80: =IF(L80="","",IF(ISNUMBER(SEARCH("25-26",L80)),"25-26",IF(ISNUMBER(SEARCH("24-25",L80)),"24-25","other"))) -> 25-26 | W80: =IF(AND(R80<>"",ABS(R80)>0.05),"CO2e not kWh x factor",IF(V80="kWh differs from source","Virtual meter not mirroring",IF(AND(D80="Certificates - Location [kWh]",S80="24-25"),"Certificate on 24-25 factor","OK"))) -> OK
A81: HCMT - East Pakenham Depot | B81: HCMT 100% Renewable Deduction | C81: Certificates - Location - kWh | D81: Certificates - Location [kWh] | E81: SEC VIC | F81: 2025-07-01 | H81: Jun 26 | I81: 208475 | J81: 100 | K81: 0 | L81: LGCs Victoria 25-26 | M81: -0.78 | O81: -162.6105 | P81: -162.6105 | Q81: =IF(M81="","",I81*M81/1000) -> -162.6105 | R81: =IF(Q81="","",Q81-N(P81)) -> 0 | S81: =IF(L81="","",IF(ISNUMBER(SEARCH("25-26",L81)),"25-26",IF(ISNUMBER(SEARCH("24-25",L81)),"24-25","other"))) -> 25-26 | W81: =IF(AND(R81<>"",ABS(R81)>0.05),"CO2e not kWh x factor",IF(V81="kWh differs from source","Virtual meter not mirroring",IF(AND(D81="Certificates - Location [kWh]",S81="24-25"),"Certificate on 24-25 factor","OK"))) -> OK
A82: HCMT - East Pakenham Depot | B82: HCMT 100% Renewable Deduction | C82: Certificates - Location - kWh | D82: Certificates - Location [kWh] | E82: SEC VIC | F82: 2025-07-01 | H82: Jul 26 | I82: 219172 | J82: 100 | K82: 0 | L82: LGCs Victoria 25-26 | M82: -0.78 | O82: -170.9542 | P82: -170.9542 | Q82: =IF(M82="","",I82*M82/1000) -> -170.95416 | R82: =IF(Q82="","",Q82-N(P82)) -> 4e-05 | S82: =IF(L82="","",IF(ISNUMBER(SEARCH("25-26",L82)),"25-26",IF(ISNUMBER(SEARCH("24-25",L82)),"24-25","other"))) -> 25-26 | W82: =IF(AND(R82<>"",ABS(R82)>0.05),"CO2e not kWh x factor",IF(V82="kWh differs from source","Virtual meter not mirroring",IF(AND(D82="Certificates - Location [kWh]",S82="24-25"),"Certificate on 24-25 factor","OK"))) -> OK
A83: HCMT - East Pakenham Depot | B83: HCMT 100% Renewable Deduction | C83: Certificates - Location - kWh | D83: Certificates - Location [kWh] | E83: SEC VIC | F83: 2025-07-01 | H83: Aug 26 | I83: 219752.2 | J83: 0 | K83: 0 | L83: LGCs Victoria 25-26 | M83: -0.78 | O83: -171.4067 | P83: -171.4067 | Q83: =IF(M83="","",I83*M83/1000) -> -171.40671 | R83: =IF(Q83="","",Q83-N(P83)) -> -1.4908e-05 | S83: =IF(L83="","",IF(ISNUMBER(SEARCH("25-26",L83)),"25-26",IF(ISNUMBER(SEARCH("24-25",L83)),"24-25","other"))) -> 25-26 | W83: =IF(AND(R83<>"",ABS(R83)>0.05),"CO2e not kWh x factor",IF(V83="kWh differs from source","Virtual meter not mirroring",IF(AND(D83="Certificates - Location [kWh]",S83="24-25"),"Certificate on 24-25 factor","OK"))) -> OK
A84: Maryborough | B84: 1003077_QGGG000010 | C84: Electricity Small Market | D84: Electricity - Green [kWh] | E84: CSEnergy | F84: 2026-04-01 | G84: 2026-06-30 | H84: Apr 26 | I84: 0 | L84: 79 - Electricity Green - 25-26 - Queensland | M84: -0.67 | O84: 0 | Q84: =IF(M84="","",I84*M84/1000) -> 0 | R84: =IF(Q84="","",Q84-N(P84)) -> 0 | S84: =IF(L84="","",IF(ISNUMBER(SEARCH("25-26",L84)),"25-26",IF(ISNUMBER(SEARCH("24-25",L84)),"24-25","other"))) -> 25-26 | W84: =IF(AND(R84<>"",ABS(R84)>0.05),"CO2e not kWh x factor",IF(V84="kWh differs from source","Virtual meter not mirroring",IF(AND(D84="Certificates - Location [kWh]",S84="24-25"),"Certificate on 24-25 factor","OK"))) -> OK
A85: Maryborough | B85: 1003077_QGGG000010 | C85: Electricity Small Market | D85: Electricity - Green [kWh] | E85: CSEnergy | F85: 2026-04-01 | G85: 2026-06-30 | H85: May 26 | I85: 0 | L85: 79 - Electricity Green - 25-26 - Queensland | M85: -0.67 | O85: 0 | Q85: =IF(M85="","",I85*M85/1000) -> 0 | R85: =IF(Q85="","",Q85-N(P85)) -> 0 | S85: =IF(L85="","",IF(ISNUMBER(SEARCH("25-26",L85)),"25-26",IF(ISNUMBER(SEARCH("24-25",L85)),"24-25","other"))) -> 25-26 | W85: =IF(AND(R85<>"",ABS(R85)>0.05),"CO2e not kWh x factor",IF(V85="kWh differs from source","Virtual meter not mirroring",IF(AND(D85="Certificates - Location [kWh]",S85="24-25"),"Certificate on 24-25 factor","OK"))) -> OK
A86: Maryborough | B86: 1003077_QGGG000010 | C86: Electricity Small Market | D86: Electricity - Green [kWh] | E86: CSEnergy | F86: 2026-04-01 | G86: 2026-06-30 | H86: Jun 26 | I86: 0 | L86: 79 - Electricity Green - 25-26 - Queensland | M86: -0.67 | O86: 0 | Q86: =IF(M86="","",I86*M86/1000) -> 0 | R86: =IF(Q86="","",Q86-N(P86)) -> 0 | S86: =IF(L86="","",IF(ISNUMBER(SEARCH("25-26",L86)),"25-26",IF(ISNUMBER(SEARCH("24-25",L86)),"24-25","other"))) -> 25-26 | W86: =IF(AND(R86<>"",ABS(R86)>0.05),"CO2e not kWh x factor",IF(V86="kWh differs from source","Virtual meter not mirroring",IF(AND(D86="Certificates - Location [kWh]",S86="24-25"),"Certificate on 24-25 factor","OK"))) -> OK
A87: Maryborough | B87: 1003077_QGGG000010 | C87: Electricity Small Market | D87: Electricity [kWh] | E87: CSEnergy | F87: 2026-04-01 | G87: 2026-06-30 | H87: Apr 26 | I87: 236992.7 | J87: 100 | K87: 0 | L87: 79 - Electricity - 25-26 - Queensland | M87: 0.67 | N87: 158.7851 | P87: 158.7851 | Q87: =IF(M87="","",I87*M87/1000) -> 158.78511 | R87: =IF(Q87="","",Q87-N(P87)) -> 9e-06 | S87: =IF(L87="","",IF(ISNUMBER(SEARCH("25-26",L87)),"25-26",IF(ISNUMBER(SEARCH("24-25",L87)),"24-25","other"))) -> 25-26 | W87: =IF(AND(R87<>"",ABS(R87)>0.05),"CO2e not kWh x factor",IF(V87="kWh differs from source","Virtual meter not mirroring",IF(AND(D87="Certificates - Location [kWh]",S87="24-25"),"Certificate on 24-25 factor","OK"))) -> OK
A88: Maryborough | B88: 1003077_QGGG000010 | C88: Electricity Small Market | D88: Electricity [kWh] | E88: CSEnergy | F88: 2026-04-01 | G88: 2026-06-30 | H88: May 26 | I88: 254414.4 | J88: 100 | K88: 0 | L88: 79 - Electricity - 25-26 - Queensland | M88: 0.67 | N88: 170.4576 | P88: 170.4576 | Q88: =IF(M88="","",I88*M88/1000) -> 170.45765 | R88: =IF(Q88="","",Q88-N(P88)) -> 4.8e-05 | S88: =IF(L88="","",IF(ISNUMBER(SEARCH("25-26",L88)),"25-26",IF(ISNUMBER(SEARCH("24-25",L88)),"24-25","other"))) -> 25-26 | W88: =IF(AND(R88<>"",ABS(R88)>0.05),"CO2e not kWh x factor",IF(V88="kWh differs from source","Virtual meter not mirroring",IF(AND(D88="Certificates - Location [kWh]",S88="24-25"),"Certificate on 24-25 factor","OK"))) -> OK
A89: Maryborough | B89: 1003077_QGGG000010 | C89: Electricity Small Market | D89: Electricity [kWh] | E89: CSEnergy | F89: 2026-04-01 | G89: 2026-06-30 | H89: Jun 26 | I89: 246307.1 | J89: 100 | K89: 0 | L89: 79 - Electricity - 25-26 - Queensland | M89: 0.67 | N89: 165.0258 | P89: 165.0258 | Q89: =IF(M89="","",I89*M89/1000) -> 165.02576 | R89: =IF(Q89="","",Q89-N(P89)) -> -4.3e-05 | S89: =IF(L89="","",IF(ISNUMBER(SEARCH("25-26",L89)),"25-26",IF(ISNUMBER(SEARCH("24-25",L89)),"24-25","other"))) -> 25-26 | W89: =IF(AND(R89<>"",ABS(R89)>0.05),"CO2e not kWh x factor",IF(V89="kWh differs from source","Virtual meter not mirroring",IF(AND(D89="Certificates - Location [kWh]",S89="24-25"),"Certificate on 24-25 factor","OK"))) -> OK
A90: Maryborough | B90: 1003082_QGGG000320 | C90: Electricity Small Market | D90: Electricity - Green [kWh] | E90: CSEnergy | F90: 2026-04-01 | G90: 2026-06-30 | H90: Apr 26 | I90: 0 | L90: 79 - Electricity Green - 25-26 - Queensland | M90: -0.67 | O90: 0 | Q90: =IF(M90="","",I90*M90/1000) -> 0 | R90: =IF(Q90="","",Q90-N(P90)) -> 0 | S90: =IF(L90="","",IF(ISNUMBER(SEARCH("25-26",L90)),"25-26",IF(ISNUMBER(SEARCH("24-25",L90)),"24-25","other"))) -> 25-26 | W90: =IF(AND(R90<>"",ABS(R90)>0.05),"CO2e not kWh x factor",IF(V90="kWh differs from source","Virtual meter not mirroring",IF(AND(D90="Certificates - Location [kWh]",S90="24-25"),"Certificate on 24-25 factor","OK"))) -> OK
A91: Maryborough | B91: 1003082_QGGG000320 | C91: Electricity Small Market | D91: Electricity - Green [kWh] | E91: CSEnergy | F91: 2026-04-01 | G91: 2026-06-30 | H91: May 26 | I91: 0 | L91: 79 - Electricity Green - 25-26 - Queensland | M91: -0.67 | O91: 0 | Q91: =IF(M91="","",I91*M91/1000) -> 0 | R91: =IF(Q91="","",Q91-N(P91)) -> 0 | S91: =IF(L91="","",IF(ISNUMBER(SEARCH("25-26",L91)),"25-26",IF(ISNUMBER(SEARCH("24-25",L91)),"24-25","other"))) -> 25-26 | W91: =IF(AND(R91<>"",ABS(R91)>0.05),"CO2e not kWh x factor",IF(V91="kWh differs from source","Virtual meter not mirroring",IF(AND(D91="Certificates - Location [kWh]",S91="24-25"),"Certificate on 24-25 factor","OK"))) -> OK
A92: Maryborough | B92: 1003082_QGGG000320 | C92: Electricity Small Market | D92: Electricity - Green [kWh] | E92: CSEnergy | F92: 2026-04-01 | G92: 2026-06-30 | H92: Jun 26 | I92: 0 | L92: 79 - Electricity Green - 25-26 - Queensland | M92: -0.67 | O92: 0 | Q92: =IF(M92="","",I92*M92/1000) -> 0 | R92: =IF(Q92="","",Q92-N(P92)) -> 0 | S92: =IF(L92="","",IF(ISNUMBER(SEARCH("25-26",L92)),"25-26",IF(ISNUMBER(SEARCH("24-25",L92)),"24-25","other"))) -> 25-26 | W92: =IF(AND(R92<>"",ABS(R92)>0.05),"CO2e not kWh x factor",IF(V92="kWh differs from source","Virtual meter not mirroring",IF(AND(D92="Certificates - Location [kWh]",S92="24-25"),"Certificate on 24-25 factor","OK"))) -> OK
A93: Maryborough | B93: 1003082_QGGG000320 | C93: Electricity Small Market | D93: Electricity [kWh] | E93: CSEnergy | F93: 2026-04-01 | G93: 2026-06-30 | H93: Apr 26 | I93: 12841.65 | J93: 100 | K93: 0 | L93: 79 - Electricity - 25-26 - Queensland | M93: 0.67 | N93: 8.6039 | P93: 8.6039 | Q93: =IF(M93="","",I93*M93/1000) -> 8.6039055 | R93: =IF(Q93="","",Q93-N(P93)) -> 5.5e-06 | S93: =IF(L93="","",IF(ISNUMBER(SEARCH("25-26",L93)),"25-26",IF(ISNUMBER(SEARCH("24-25",L93)),"24-25","other"))) -> 25-26 | W93: =IF(AND(R93<>"",ABS(R93)>0.05),"CO2e not kWh x factor",IF(V93="kWh differs from source","Virtual meter not mirroring",IF(AND(D93="Certificates - Location [kWh]",S93="24-25"),"Certificate on 24-25 factor","OK"))) -> OK
A94: Maryborough | B94: 1003082_QGGG000320 | C94: Electricity Small Market | D94: Electricity [kWh] | E94: CSEnergy | F94: 2026-04-01 | G94: 2026-06-30 | H94: May 26 | I94: 12520.86 | J94: 100 | K94: 0 | L94: 79 - Electricity - 25-26 - Queensland | M94: 0.67 | N94: 8.389 | P94: 8.389 | Q94: =IF(M94="","",I94*M94/1000) -> 8.3889762 | R94: =IF(Q94="","",Q94-N(P94)) -> -2.38e-05 | S94: =IF(L94="","",IF(ISNUMBER(SEARCH("25-26",L94)),"25-26",IF(ISNUMBER(SEARCH("24-25",L94)),"24-25","other"))) -> 25-26 | W94: =IF(AND(R94<>"",ABS(R94)>0.05),"CO2e not kWh x factor",IF(V94="kWh differs from source","Virtual meter not mirroring",IF(AND(D94="Certificates - Location [kWh]",S94="24-25"),"Certificate on 24-25 factor","OK"))) -> OK
A95: Maryborough | B95: 1003082_QGGG000320 | C95: Electricity Small Market | D95: Electricity [kWh] | E95: CSEnergy | F95: 2026-04-01 | G95: 2026-06-30 | H95: Jun 26 | I95: 10932.43 | J95: 100 | K95: 0 | L95: 79 - Electricity - 25-26 - Queensland | M95: 0.67 | N95: 7.3247 | P95: 7.3247 | Q95: =IF(M95="","",I95*M95/1000) -> 7.3247281 | R95: =IF(Q95="","",Q95-N(P95)) -> 2.81e-05 | S95: =IF(L95="","",IF(ISNUMBER(SEARCH("25-26",L95)),"25-26",IF(ISNUMBER(SEARCH("24-25",L95)),"24-25","other"))) -> 25-26 | W95: =IF(AND(R95<>"",ABS(R95)>0.05),"CO2e not kWh x factor",IF(V95="kWh differs from source","Virtual meter not mirroring",IF(AND(D95="Certificates - Location [kWh]",S95="24-25"),"Certificate on 24-25 factor","OK"))) -> OK
A96: Maryborough | B96: 5000021_QGGG000010 | C96: Electricity Small Market | D96: Electricity - Green [kWh] | E96: CSEnergy | G96: 2026-03-31 | H96: Mar 26 | I96: 0 | L96: 79 - Electricity Green - 25-26 - Queensland | M96: -0.67 | O96: 0 | Q96: =IF(M96="","",I96*M96/1000) -> 0 | R96: =IF(Q96="","",Q96-N(P96)) -> 0 | S96: =IF(L96="","",IF(ISNUMBER(SEARCH("25-26",L96)),"25-26",IF(ISNUMBER(SEARCH("24-25",L96)),"24-25","other"))) -> 25-26 | W96: =IF(AND(R96<>"",ABS(R96)>0.05),"CO2e not kWh x factor",IF(V96="kWh differs from source","Virtual meter not mirroring",IF(AND(D96="Certificates - Location [kWh]",S96="24-25"),"Certificate on 24-25 factor","OK"))) -> OK
A97: Maryborough | B97: 5000021_QGGG000010 | C97: Electricity Small Market | D97: Electricity [kWh] | E97: CSEnergy | G97: 2026-03-31 | H97: Mar 26 | I97: 356443.6 | J97: 100 | K97: 0 | L97: 79 - Electricity - 25-26 - Queensland | M97: 0.67 | N97: 238.8172 | P97: 238.8172 | Q97: =IF(M97="","",I97*M97/1000) -> 238.81721 | R97: =IF(Q97="","",Q97-N(P97)) -> 1.2e-05 | S97: =IF(L97="","",IF(ISNUMBER(SEARCH("25-26",L97)),"25-26",IF(ISNUMBER(SEARCH("24-25",L97)),"24-25","other"))) -> 25-26 | W97: =IF(AND(R97<>"",ABS(R97)>0.05),"CO2e not kWh x factor",IF(V97="kWh differs from source","Virtual meter not mirroring",IF(AND(D97="Certificates - Location [kWh]",S97="24-25"),"Certificate on 24-25 factor","OK"))) -> OK
A98: Maryborough | B98: 5000021_QGGG000320 | C98: Electricity Small Market | D98: Electricity - Green [kWh] | E98: CSEnergy | G98: 2026-03-31 | H98: Mar 26 | I98: 0 | L98: 79 - Electricity Green - 25-26 - Queensland | M98: -0.67 | O98: 0 | Q98: =IF(M98="","",I98*M98/1000) -> 0 | R98: =IF(Q98="","",Q98-N(P98)) -> 0 | S98: =IF(L98="","",IF(ISNUMBER(SEARCH("25-26",L98)),"25-26",IF(ISNUMBER(SEARCH("24-25",L98)),"24-25","other"))) -> 25-26 | W98: =IF(AND(R98<>"",ABS(R98)>0.05),"CO2e not kWh x factor",IF(V98="kWh differs from source","Virtual meter not mirroring",IF(AND(D98="Certificates - Location [kWh]",S98="24-25"),"Certificate on 24-25 factor","OK"))) -> OK
A99: Maryborough | B99: 5000021_QGGG000320 | C99: Electricity Small Market | D99: Electricity [kWh] | E99: CSEnergy | G99: 2026-03-31 | H99: Mar 26 | I99: 13537.38 | J99: 100 | K99: 0 | L99: 79 - Electricity - 25-26 - Queensland | M99: 0.67 | N99: 9.07 | P99: 9.07 | Q99: =IF(M99="","",I99*M99/1000) -> 9.0700446 | R99: =IF(Q99="","",Q99-N(P99)) -> 4.46e-05 | S99: =IF(L99="","",IF(ISNUMBER(SEARCH("25-26",L99)),"25-26",IF(ISNUMBER(SEARCH("24-25",L99)),"24-25","other"))) -> 25-26 | W99: =IF(AND(R99<>"",ABS(R99)>0.05),"CO2e not kWh x factor",IF(V99="kWh differs from source","Virtual meter not mirroring",IF(AND(D99="Certificates - Location [kWh]",S99="24-25"),"Certificate on 24-25 factor","OK"))) -> OK
A100: Maryborough | B100: 900018200_QGGG000010 | C100: Electricity Small Market | D100: Electricity - Green [kWh] | E100: EngieAU | H100: Jul 26 | I100: 0 | L100: 79 - Electricity Green - 25-26 - Queensland | M100: -0.67 | O100: 0 | Q100: =IF(M100="","",I100*M100/1000) -> 0 | R100: =IF(Q100="","",Q100-N(P100)) -> 0 | S100: =IF(L100="","",IF(ISNUMBER(SEARCH("25-26",L100)),"25-26",IF(ISNUMBER(SEARCH("24-25",L100)),"24-25","other"))) -> 25-26 | W100: =IF(AND(R100<>"",ABS(R100)>0.05),"CO2e not kWh x factor",IF(V100="kWh differs from source","Virtual meter not mirroring",IF(AND(D100="Certificates - Location [kWh]",S100="24-25"),"Certificate on 24-25 factor","OK"))) -> OK
...

Sheet Sites
A1: Location | B1: NMI | C1: Register decision | D1: Contracted retailer | E1: Source account (Jul 26) | F1: Source style | G1: Certificate account | H1: Built? | I1: Factor on certificate | J1: Electricity factor | K1: Jul 26 kWh (source) | L1: Jul 26 location-based (t) | M1: Jul 26 certificate credit (t) | N1: Jul 26 location market-based (t) | O1: Status | P1: Note
A2: Auburn | B2: 4103713125 | C2: Create - virtual certificate account | D2: Origin | E2: 50002617957_4103713125 | F2: Electricity Large Market | G2: 50002617957_4103713125_CERTS | H2: =IF(G2="","n/a",IF(COUNTIFS(Accounts!$B:$B,G2)>0,"Yes","No")) -> Yes | I2: LGCs NSW 24-25 | J2: 77 - Electricity - 25-26 - New South Wales | K2: =IF(E2="","",SUMIFS(Accounts!$I:$I,Accounts!$B:$B,E2,Accounts!$H:$H,"Jul 26",Accounts!$D:$D,"Electricity [kWh]")) -> 283780.3 | L2: =SUMIFS(Accounts!$N:$N,Accounts!$A:$A,A2,Accounts!$H:$H,"Jul 26") -> 198.5798 | M2: =SUMIFS(Accounts!$O:$O,Accounts!$A:$A,A2,Accounts!$H:$H,"Jul 26") -> -204.7855 | N2: =L2+M2 -> -6.2057 | O2: Factor vintage | P2: Mirrors source. On the 24-25 LGC factor, so it over-offsets by ~3% (-5.7 t in July).
A3: Auburn | B3: 4103711576 | C3: Create - virtual certificate account | D3: Origin | E3: 50002617965_4103711576 | F3: Electricity Large Market | G3: 50002617965_4103711576_CERTS | H3: =IF(G3="","n/a",IF(COUNTIFS(Accounts!$B:$B,G3)>0,"Yes","No")) -> Yes | I3: LGCs NSW 24-25 | J3: 77 - Electricity - 25-26 - New South Wales | K3: =IF(E3="","",SUMIFS(Accounts!$I:$I,Accounts!$B:$B,E3,Accounts!$H:$H,"Jul 26",Accounts!$D:$D,"Electricity [kWh]")) -> 26500.7 | L3: =SUMIFS(Accounts!$N:$N,Accounts!$A:$A,A3,Accounts!$H:$H,"Jul 26") -> 198.5798 | M3: =SUMIFS(Accounts!$O:$O,Accounts!$A:$A,A3,Accounts!$H:$H,"Jul 26") -> -204.7855 | N3: =L3+M3 -> -6.2057 | O3: Factor vintage | P3: Mirrors source. Same factor vintage issue (-0.5 t in July). Usage fell from 204,615 kWh in Mar to 3,263 in May and is 26,500 in Jul.
A4: Maryborough | B4: QGGG000010 | C4: Create - virtual certificate account | D4: Engie | E4: 900018200_QGGG000010 | F4: Electricity Small Market | G4: 900018200_QGGG000010_CERTS | H4: =IF(G4="","n/a",IF(COUNTIFS(Accounts!$B:$B,G4)>0,"Yes","No")) -> Yes | I4: LGCs QLD 24-25 | J4: 79 - Electricity - 25-26 - Queensland | K4: =IF(E4="","",SUMIFS(Accounts!$I:$I,Accounts!$B:$B,E4,Accounts!$H:$H,"Jul 26",Accounts!$D:$D,"Electricity [kWh]")) -> 277212.1 | L4: =SUMIFS(Accounts!$N:$N,Accounts!$A:$A,A4,Accounts!$H:$H,"Jul 26") -> 93.6872 | M4: =SUMIFS(Accounts!$O:$O,Accounts!$A:$A,A4,Accounts!$H:$H,"Jul 26") -> -196.8206 | N4: =L4+M4 -> -103.1334 | O4: Over-credited | P4: Mirrors the gross NMI figure. The CQMS foundry deduction (-141,380 kWh) sits at the same location, so the site nets to about -103 t. Gross vs net is the open Category Management question. Also on the 24-25 factor (-0.71 vs 0.67).
A5: Maryborough | B5: QGGG000320 | C5: Hold - no open account on the NMI | D5: Engie | H5: =IF(G5="","n/a",IF(COUNTIFS(Accounts!$B:$B,G5)>0,"Yes","No")) -> n/a | J5: 79 - Electricity - 25-26 - Queensland | K5: =IF(E5="","",SUMIFS(Accounts!$I:$I,Accounts!$B:$B,E5,Accounts!$H:$H,"Jul 26",Accounts!$D:$D,"Electricity [kWh]")) | L5: =SUMIFS(Accounts!$N:$N,Accounts!$A:$A,A5,Accounts!$H:$H,"Jul 26") -> 93.6872 | M5: =SUMIFS(Accounts!$O:$O,Accounts!$A:$A,A5,Accounts!$H:$H,"Jul 26") -> -196.8206 | N5: =L5+M5 -> -103.1334 | O5: Nothing recording | P5: CS Energy account 1003082 closed 30 Jun 26, no Engie account yet. Meter reads 12,413 kWh in July and 10,262 in August - uncounted.
A6: Torbanlea - QTMP | B6: 3053253239 | C6: Exclude - named site (QTMP) | D6: Engie | E6: 900018201_3053253239 | F6: Electricity Small Market | H6: =IF(G6="","n/a",IF(COUNTIFS(Accounts!$B:$B,G6)>0,"Yes","No")) -> n/a | J6: 79 - Electricity - 25-26 - Queensland | K6: =IF(E6="","",SUMIFS(Accounts!$I:$I,Accounts!$B:$B,E6,Accounts!$H:$H,"Jul 26",Accounts!$D:$D,"Electricity [kWh]")) -> 248501.6 | L6: =SUMIFS(Accounts!$N:$N,Accounts!$A:$A,A6,Accounts!$H:$H,"Jul 26") -> 166.4961 | M6: =SUMIFS(Accounts!$O:$O,Accounts!$A:$A,A6,Accounts!$H:$H,"Jul 26") -> 0 | N6: =L6+M6 -> 166.4961 | O6: Confirm bill | P6: No certificate account is correct for a named exclusion. July's Engie bill is 248,502 kWh against 164,454 in June and 170,055 in August - confirm the bill period. Old CS Energy account 1003571 closed 30 Jun 26 in the 5 Sep extract.
A7: Cardiff - Rail | B7: ZZZZ001261 | C7: Not in the renewal register | D7: CleanPeak | E7: 700000536_ZZZZ001261 | F7: Electricity Small Market | H7: =IF(G7="","n/a",IF(COUNTIFS(Accounts!$B:$B,G7)>0,"Yes","No")) -> n/a | J7: 77 - Electricity - 25-26 - New South Wales | K7: =IF(E7="","",SUMIFS(Accounts!$I:$I,Accounts!$B:$B,E7,Accounts!$H:$H,"Jul 26",Accounts!$D:$D,"Electricity [kWh]")) -> 258866.97 | L7: =SUMIFS(Accounts!$N:$N,Accounts!$A:$A,A7,Accounts!$H:$H,"Jul 26") -> 98.7423 | M7: =SUMIFS(Accounts!$O:$O,Accounts!$A:$A,A7,Accounts!$H:$H,"Jul 26") -> 0 | N7: =L7+M7 -> 98.7423 | O7: OK | P7: Small market on CleanPeak, tenant deduction of -104,582 kWh in July. Location-based only; nothing to check for certificates.
A8: HCMT - East Pakenham Depot | C8: Not in the renewal register | E8: 68_Electricity – purchased from grid | F8: Purchased from grid | G8: HCMT 100% Renewable Deduction | H8: =IF(G8="","n/a",IF(COUNTIFS(Accounts!$B:$B,G8)>0,"Yes","No")) -> Yes | I8: LGCs Victoria 25-26 | J8: 78 - Electricity - 25-26 - Victoria | K8: =IF(E8="","",SUMIFS(Accounts!$I:$I,Accounts!$B:$B,E8,Accounts!$H:$H,"Jul 26",Accounts!$D:$D,"Electricity [kWh]")) -> 219172 | L8: =SUMIFS(Accounts!$N:$N,Accounts!$A:$A,A8,Accounts!$H:$H,"Jul 26") -> 170.9542 | M8: =SUMIFS(Accounts!$O:$O,Accounts!$A:$A,A8,Accounts!$H:$H,"Jul 26") -> -170.9542 | N8: =L8+M8 -> 0 | O8: OK | P8: Deduction mirrors the grid account and the factor vintages match, so the site nets to zero every month. Correct.
A9: Calder Park Light Service Facility | C9: Not in the renewal register | E9: Grid Electricity | F9: Purchased from grid | G9: Calder Park 100% Renewable Electricity | H9: =IF(G9="","n/a",IF(COUNTIFS(Accounts!$B:$B,G9)>0,"Yes","No")) -> Yes | I9: LGCs Victoria 25-26 | J9: 78 - Electricity - 25-26 - Victoria | K9: =IF(E9="","",SUMIFS(Accounts!$I:$I,Accounts!$B:$B,E9,Accounts!$H:$H,"Jul 26",Accounts!$D:$D,"Electricity [kWh]")) -> 206.5623 | L9: =SUMIFS(Accounts!$N:$N,Accounts!$A:$A,A9,Accounts!$H:$H,"Jul 26") -> 0.1611 | M9: =SUMIFS(Accounts!$O:$O,Accounts!$A:$A,A9,Accounts!$H:$H,"Jul 26") -> -0.1611 | N9: =L9+M9 -> 0 | O9: OK | P9: As HCMT. Nets to zero. Correct.
A11: Rows 2-6 are the five RTS rows in the FY26-28 renewal site register; rows 7-9 are the other RTS locations with electricity in the export. Yellow = hand-maintained status. Everything numeric is a formula over the Accounts tab.

Sheet Issues
A1: # | B1: Location | C1: Issue | D1: Effect on July (tCO2e) | E1: Action | F1: Owner | G1: Status | H1: Notes
A2: 1 | B2: Dashboard | C2: July 928 t does not reconcile to the market-based electricity in the 6 Sep export (166 t). Best fit is a refresh taken while the CS Energy accounts at Maryborough and Torbanlea were still accruing July alongside the Engie actuals, before the certificate accounts were linked. | D2: 282 | E2: Refresh the dashboard from current data. If July stays high, pull RTS scope 1 (gas, fuel) for July - it is not in this repo. | G2: Open
A3: 2 | B3: Maryborough | C3: Certificate account 900018200_QGGG000010_CERTS copies the gross NMI figure while the CQMS foundry deduction nets ~141,000 kWh off the location, so Maryborough reports about -103 t. | D3: -95 | E3: Category Management to confirm whether certificates are bought for the gross NMI or Downer's net share. If net, repoint the virtual meter or add a matching deduction on the certificate side. | G3: Open
A4: 3 | B4: Auburn / Maryborough | C4: Certificate accounts sit on LGCs NSW 24-25 (-0.66) and LGCs QLD 24-25 (-0.71) against electricity on 25-26 (0.64, 0.67). | D4: -17 | E4: Add or map the 25-26 LGC factors for NSW and QLD (prompt 3 in the guide) and move the three accounts onto them. | G4: Open
A5: 4 | B5: Maryborough | C5: QGGG000320: CS Energy account closed 30 Jun 26, no Engie account yet, so nothing is recording July or August. Meter shows 12,413 and 10,262 kWh. | D5: -8 | E5: Chase the Engie account for QGGG000320 through the connector, then allocate it to Maryborough. | G5: Open
A6: 5 | B6: Torbanlea - QTMP | C6: Engie's first bill on 900018201_3053253239 is 248,502 kWh for July, 51% above June and 46% above August. | D6: 56 | E6: Confirm the July bill period with Engie or Category Management; if it covers late June, split it. | G6: Open
A7: 6 | B7: Auburn | C7: Sub-meter DWR_MSB-5-LATHE reads 601,436 kWh in July (3 kWh in June), about 385 t at the NSW factor. Meters carry no CO2e in the account export, but this matches the dashboard's June-to-July increase almost exactly. | D7: 0 | E7: Check whether the RTS dashboard sums meters as well as accounts. Either way the sub-meter reading is a fault and should be raised with the Watt Watcher / metering provider. | G7: Open
A8: 7 | B8: Auburn | C8: NEMMCO meter 4103713125 reads twice the Origin account every month (567,561 vs 283,780 kWh in July) - the Wingfield pattern. | D8: 0 | E8: Note only; no effect on account-based emissions. Raise with metering if the meter is ever used for reporting. | G8: Open
A10: Yellow = fill in as each item moves. Status is a list.
